2,"word",1,6,"JJ","mobile"
3,"word",8,15,"NNS","features"
4,"word",17,23,"JJ","average"
5,"word",25,31,"NN","battery"
6,"word",33,39,"VBG","holding"
7,"word",41,46,"NN","design"
8,"word",48,52,"NN","usage"
9,"word",54,57,"NN","fine"
10,"word",59,62,"JJ","nice"
12,"word",69,71,"VBP","say"
13,"word",73,77,"JJ","light"
14,"word",79,84,"NN","weight"
15,"word",86,94,"VBG","regarding"
16,"word",96,101,"NN","camera"
17,"word",103,107,"JJ","worth"
18,"word",109,111,"VB","buy"
19,"word",113,119,"NN","picture"
20,"word",121,127,"JJ","quality"
21,"word",129,132,"JJ","good"
22,"word",134,138,"NN","night"
23,"word",140,143,"NN","rear"
24,"word",145,148,"JJ","dual"
25,"word",150,155,"NN","camera"
26,"word",157,161,"JJ","front"
27,"word",163,168,"NN","camera"
30,"word",179,189,"NN","expectation"
31,"word",191,194,"NN","rest"
32,"word",196,199,"VBP","want"
33,"word",201,203,"VBP","buy"
34,"word",205,210,"JJR","better"
35,"word",212,213,"JJ","go"
36,"word",215,216,"NNS","mi"
37,"word",218,223,"NNS","phones"
38,"word",225,230,"VBP","review"
39,"word",232,237,"NNS","months"
40,"word",239,241,"VBP","use"
42,"word",250,255,"NN","camera"
43,"word",257,261,"NN","music"
44,"word",263,267,"NN","phone"
45,"word",269,273,"NN","value"
46,"word",275,279,"NN","money"
47,"word",281,287,"NN","battery"
49,"word",294,298,"JJ","great"
50,"word",300,307,"VBG","charging"
51,"word",309,313,"VBN","super"
54,"word",323,329,"NN","heating"
55,"word",331,335,"NN","issue"
58,"word",346,346,"VBZ","i"
60,"word",353,360,"NN","position"
61,"word",362,366,"JJ","audio"
62,"word",368,371,"NN","jack"
64,"word",381,383,"JJ","bad"
65,"word",385,388,"NN","deal"
66,"word",390,390,"VBZ","i"
67,"word",392,394,"VBN","got"
68,"word",396,399,"JJ","good"
69,"word",401,405,"NN","offer"
70,"word",407,411,"NN","price"
71,"word",413,416,"JJ","such"
72,"word",418,423,"NN","killer"
73,"word",425,431,"NN","product"
74,"word",433,437,"VBZ","looks"
75,"word",439,445,"JJ","premium"
76,"word",447,450,"JJ","good"
77,"word",452,455,"NN","grip"
79,"word",462,467,"NN","camera"
80,"word",469,473,"NN","class"
81,"word",475,477,"VBZ","has"
82,"word",479,487,"NN","interface"
83,"word",489,493,"NN","phone"
84,"word",495,501,"NN","battery"
85,"word",503,507,"VBZ","lasts"
86,"word",509,514,"JJR","longer"
87,"word",516,519,"NNS","ones"
88,"word",521,531,"NNS","competitors"
90,"word",543,546,"VBZ","lags"
93,"word",556,562,"NN","android"
94,"word",564,569,"VB","update"
95,"word",571,574,"JJ","slow"
96,"word",576,585,"NN","processing"
97,"word",587,591,"NN","speed"
98,"word",593,597,"VBZ","takes"
99,"word",599,602,"JJ","much"
100,"word",604,607,"NN","time"
101,"word",609,613,"JJ","click"
102,"word",615,622,"NN","portrait"
103,"word",624,629,"NNS","images"
104,"word",631,635,"JJ","front"
105,"word",637,641,"NN","flash"
106,"word",643,645,"JJ","bad"
107,"word",647,652,"NN","blurry"
108,"word",654,658,"NN","image"
110,"word",665,669,"JJ","front"
111,"word",671,675,"NN","flash"
113,"word",680,684,"NN","phone"
115,"word",691,700,"NN","perfection"
117,"word",708,716,"VBN","satisfied"
118,"word",718,724,"JJR","earlier"
122,"word",736,739,"VBN","made"
123,"word",741,743,"VBP","die"
124,"word",745,748,"JJ","hard"
125,"word",750,752,"NN","fan"
126,"word",754,758,"NN","brand"
128,"word",765,768,"NNS","guys"
131,"word",781,786,"VB","regret"
132,"word",788,793,"VBG","buying"
133,"word",795,800,"NN","amazon"
134,"word",802,806,"VBG","using"
136,"word",813,817,"NN","brand"
137,"word",819,822,"JJ","nice"
138,"word",824,830,"NN","product"
139,"word",832,835,"JJ","good"
140,"word",837,843,"NN","quality"
141,"word",845,851,"VBG","working"
143,"word",858,861,"JJ","good"
144,"word",863,869,"NN","quality"
145,"word",871,878,"NNS","pictures"
148,"word",888,892,"NN","range"
150,"word",899,904,"NN","choice"
151,"word",906,912,"VBG","looking"
152,"word",914,920,"JJ","awesome"
153,"word",922,925,"JJ","easy"
154,"word",927,929,"NN","use"
156,"word",942,947,"NN","camera"
157,"word",949,952,"JJ","good"
158,"word",954,958,"JJ","worth"
159,"word",960,963,"NN","head"
160,"word",965,970,"NNS","phones"
161,"word",972,979,"NNS","chargers"
162,"word",981,984,"JJ","nice"
163,"word",986,990,"NN","phone"
164,"word",992,997,"NN","camera"
165,"word",999,1005,"JJ","quality"
166,"word",1007,1010,"JJ","good"
167,"word",1012,1018,"NN","picture"
168,"word",1020,1026,"NN","quality"
169,"word",1028,1030,"JJ","low"
170,"word",1032,1039,"VBN","compared"
171,"word",1041,1041,"NN","v"
173,"word",1045,1048,"VBD","used"
175,"word",1052,1059,"VBG","thinking"
176,"word",1061,1067,"NN","picture"
177,"word",1069,1075,"NN","quality"
178,"word",1077,1081,"JJ","clear"
180,"word",1085,1087,"JJ","bad"
181,"word",1089,1095,"NN","quality"
183,"word",1099,1105,"VBN","assumed"
184,"word",1107,1111,"NN","night"
185,"word",1113,1119,"JJ","selfish"
187,"word",1126,1128,"JJ","bad"
189,"word",1134,1138,"NN","phone"
191,"word",1147,1150,"JJ","good"
192,"word",1152,1156,"JJ","sound"
193,"word",1158,1163,"NN","camera"
194,"word",1165,1171,"NN","battery"
195,"word",1173,1178,"NN","backup"
196,"word",1180,1183,"JJ","good"
197,"word",1185,1189,"NN","phone"
198,"word",1191,1197,"VBG","running"
200,"word",1208,1214,"JJ","lagging"
201,"word",1216,1221,"NNS","issues"
203,"word",1227,1232,"JJ","amazon"
204,"word",1234,1241,"NN","delivery"
205,"word",1243,1250,"NN","security"
206,"word",1252,1255,"NN","good"
207,"word",1257,1261,"VBD","loved"
208,"word",1263,1269,"NN","product"
209,"word",1271,1273,"NN","ego"
211,"word",1282,1288,"NN","product"
212,"word",1290,1294,"JJ","super"
213,"word",1296,1299,"NN","good"
215,"word",1307,1310,"VBD","made"
216,"word",1312,1316,"NN","china"
218,"word",1323,1326,"NN","look"
219,"word",1328,1334,"JJ","amazing"
220,"word",1336,1340,"JJ","worth"
221,"word",1342,1346,"NN","money"
222,"word",1348,1354,"NN","product"
223,"word",1356,1361,"NN","camera"
225,"word",1370,1373,"JJ","good"
226,"word",1375,1377,"JJ","mad"
227,"word",1379,1387,"NN","processor"
229,"word",1394,1397,"JJ","good"
230,"word",1399,1405,"JJ","awesome"
231,"word",1407,1411,"NN","phone"
232,"word",1413,1416,"NN","user"
233,"word",1418,1425,"JJ","friendly"
234,"word",1427,1434,"NNS","settings"
235,"word",1436,1440,"VBP","phone"
237,"word",1447,1453,"VBG","missing"
238,"word",1455,1459,"NN","phone"
239,"word",1461,1461,"NN","i"
240,"word",1463,1466,"VBN","used"
241,"word",1468,1471,"NN","face"
242,"word",1473,1476,"JJ","many"
243,"word",1478,1485,"NNS","problems"
245,"word",1496,1499,"JJ","nice"
246,"word",1501,1506,"NN","device"
247,"word",1508,1511,"JJ","good"
248,"word",1513,1516,"NN","unit"
250,"word",1522,1527,"VBN","bought"
251,"word",1529,1533,"NN","phone"
252,"word",1535,1537,"NN","APR"
253,"word",1539,1546,"NNS","features"
254,"word",1548,1551,"JJ","good"
256,"word",1557,1567,"NN","performance"
257,"word",1569,1572,"JJ","good"
259,"word",1579,1580,"JJ","OK"
260,"word",1582,1587,"JJR","better"
261,"word",1589,1593,"NN","money"
262,"word",1595,1599,"NN","phone"
263,"word",1601,1604,"JJ","good"
264,"word",1606,1612,"JJ","awesome"
265,"word",1614,1620,"NN","product"
266,"word",1622,1628,"JJ","perfect"
267,"word",1630,1637,"NN","delivery"
268,"word",1639,1643,"NN","worth"
269,"word",1645,1649,"NN","money"
270,"word",1651,1660,"NN","everything"
271,"word",1662,1668,"JJ","perfect"
272,"word",1671,1674,"JJ","nice"
273,"word",1676,1680,"NN","phone"
274,"word",1682,1690,"JJ","satisfied"
275,"word",1692,1703,"NNS","expectations"
276,"word",1705,1710,"VBD","bought"
277,"word",1712,1715,"VBN","used"
278,"word",1717,1722,"NNP","Hamsun"
279,"word",1724,1730,"JJ","dynamic"
280,"word",1732,1738,"NN","display"
281,"word",1740,1749,"JJ","attractive"
282,"word",1751,1755,"NNS","icons"
283,"word",1757,1761,"JJ","worth"
284,"word",1763,1770,"NN","purchase"
285,"word",1772,1776,"NN","phone"
286,"word",1778,1781,"JJ","good"
287,"word",1783,1789,"NN","battery"
288,"word",1791,1796,"NN","backup"
289,"word",1798,1799,"NN","rd"
290,"word",1801,1805,"NN","class"
293,"word",1814,1816,"VBP","use"
294,"word",1818,1822,"NN","phone"
295,"word",1824,1830,"NN","battery"
296,"word",1832,1836,"NN","drain"
298,"word",1844,1849,"NN","minute"
299,"word",1851,1852,"NNS","mi"
300,"word",1854,1862,"VBD","satisfied"
301,"word",1864,1867,"JJ","vivo"
302,"word",1869,1869,"NN","v"
303,"word",1871,1876,"JJ","mobile"
304,"word",1878,1882,"NN","phone"
305,"word",1884,1885,"VBP","do"
307,"word",1890,1891,"VB","go"
309,"word",1897,1900,"JJ","main"
310,"word",1902,1907,"NN","camera"
312,"word",1914,1916,"NNP","VGA"
313,"word",1918,1923,"NN","camera"
314,"word",1925,1929,"NN","waste"
315,"word",1931,1935,"NN","money"
316,"word",1937,1943,"NN","picture"
317,"word",1945,1951,"NN","quality"
318,"word",1953,1961,"JJ","excellent"
321,"word",1971,1974,"JJS","best"
322,"word",1976,1980,"JJ","smart"
323,"word",1982,1986,"NN","phone"
324,"word",1988,1992,"NN","price"
325,"word",1994,1998,"NN","range"
326,"word",2000,2008,"VBD","satisfied"
327,"word",2010,2017,"NN","purchase"
328,"word",2019,2025,"JJ","average"
329,"word",2027,2030,"JJ","good"
330,"word",2032,2034,"NN","one"
332,"word",2040,2046,"JJ","awesome"
333,"word",2048,2048,"NN","n"
334,"word",2050,2053,"JJ","cool"
335,"word",2055,2061,"NN","product"
336,"word",2063,2063,"VBZ","i"
337,"word",2065,2073,"VB","recommend"
338,"word",2075,2082,"NN","everyone"
340,"word",2088,2089,"VB","go"
342,"word",2097,2104,"VB","purchase"
344,"word",2111,2114,"NN","size"
345,"word",2116,2121,"NN","matter"
347,"word",2128,2131,"JJ","good"
348,"word",2133,2139,"JJ","awesome"
349,"word",2141,2146,"JJ","mobile"
350,"word",2148,2151,"JJS","best"
351,"word",2153,2157,"NN","price"
352,"word",2159,2164,"NN","camera"
353,"word",2166,2172,"JJ","selfish"
354,"word",2174,2178,"JJ","clear"
355,"word",2180,2183,"JJ","good"
356,"word",2185,2192,"NNS","settings"
358,"word",2199,2205,"NN","tension"
360,"word",2211,2214,"JJ","good"
361,"word",2216,2221,"JJ","mobile"
362,"word",2223,2225,"NN","buy"
363,"word",2227,2233,"NN","product"
365,"word",2242,2246,"JJ","worth"
366,"word",2248,2252,"NN","money"
367,"word",2254,2259,"JJ","mobile"
368,"word",2261,2266,"NN","update"
369,"word",2269,2272,"JJ","nice"
370,"word",2274,2278,"NN","phone"
371,"word",2280,2286,"VBG","working"
373,"word",2297,2302,"JJ","couple"
374,"word",2304,2309,"NNS","months"
375,"word",2311,2315,"NN","value"
376,"word",2317,2321,"NN","money"
377,"word",2323,2326,"JJ","slim"
378,"word",2328,2338,"JJ","lightweight"
379,"word",2340,2344,"NN","phone"
380,"word",2346,2352,"NN","battery"
381,"word",2354,2357,"NN","life"
383,"word",2364,2367,"JJ","good"
384,"word",2369,2373,"NN","touch"
386,"word",2380,2383,"JJ","good"
387,"word",2385,2391,"NNP","Hoboken"
388,"word",2393,2396,"NN","mode"
389,"word",2398,2401,"JJ","good"
390,"word",2403,2409,"NN","compare"
391,"word",2411,2413,"JJ","red"
392,"word",2415,2416,"NNS","mi"
393,"word",2418,2423,"NNS","phones"
394,"word",2425,2428,"JJ","nice"
395,"word",2430,2434,"JJ","smart"
396,"word",2436,2440,"NN","phone"
398,"word",2447,2453,"JJ","selfish"
399,"word",2455,2460,"NN","camera"
400,"word",2462,2463,"NNS","ii"
401,"word",2465,2472,"JJ","friendly"
403,"word",2479,2483,"JJ","light"
404,"word",2485,2490,"NN","weight"
405,"word",2492,2495,"JJ","slim"
406,"word",2497,2501,"JJ","great"
407,"word",2503,2507,"NN","phone"
410,"word",2516,2520,"VB","phone"
411,"word",2522,2525,"JJ","good"
412,"word",2527,2532,"NN","camera"
413,"word",2534,2540,"JJ","quality"
414,"word",2542,2545,"NN","good"
416,"word",2552,2558,"NN","battery"
417,"word",2560,2565,"JJ","backup"
418,"word",2567,2570,"JJ","good"
419,"word",2572,2575,"JJS","best"
420,"word",2577,2581,"NN","price"
421,"word",2583,2591,"JJ","excellent"
422,"word",2593,2598,"NN","gadget"
423,"word",2600,2602,"VBD","had"
424,"word",2604,2609,"NNS","issues"
425,"word",2611,2615,"NN","phone"
426,"word",2617,2623,"NN","network"
427,"word",2625,2634,"NN","connection"
428,"word",2636,2638,"VBD","got"
429,"word",2640,2647,"VBN","replaced"
430,"word",2649,2655,"NN","gallery"
431,"word",2657,2660,"JJ","good"
432,"word",2663,2666,"JJ","nice"
433,"word",2668,2668,"NN","i"
435,"word",2675,2680,"JJ","mobile"
438,"word",2692,2698,"NN","dislike"
439,"word",2700,2705,"NN","volume"
440,"word",2707,2717,"NN","performance"
441,"word",2719,2724,"VBD","keypad"
442,"word",2726,2732,"JJ","compact"
443,"word",2734,2738,"NN","touch"
445,"word",2745,2748,"JJ","good"
446,"word",2750,2753,"JJ","good"
447,"word",2755,2759,"NN","phone"
448,"word",2762,2770,"JJ","marvelous"
449,"word",2772,2776,"NN","phone"
450,"word",2778,2784,"VBG","working"
451,"word",2786,2789,"JJ","good"
452,"word",2791,2798,"NN","delivery"
454,"word",2805,2810,"VBZ","thanks"
455,"word",2812,2817,"JJ","amazon"
456,"word",2819,2823,"NN","phone"
458,"word",2830,2836,"JJ","awesome"
459,"word",2838,2841,"JJ","nice"
460,"word",2843,2849,"NN","product"
461,"word",2851,2854,"JJ","good"
462,"word",2856,2860,"NN","phone"
464,"word",2866,2872,"NN","battery"
465,"word",2874,2881,"NN","capacity"
466,"word",2883,2886,"VB","make"
467,"word",2888,2893,"JJR","better"
468,"word",2895,2899,"NN","price"
471,"word",2920,2923,"JJR","less"
473,"word",2930,2935,"NNS","months"
475,"word",2943,2948,"VBG","buying"
477,"word",2954,2958,"NN","phone"
479,"word",2963,2965,"VBZ","has"
480,"word",2967,2973,"VBN","started"
481,"word",2975,2980,"VBG","giving"
482,"word",2982,2988,"NN","network"
483,"word",2990,2995,"NNS","issues"
484,"word",2997,2998,"JJ","OK"
486,"word",3005,3008,"JJ","good"
487,"word",3010,3015,"JJ","mobile"
488,"word",3017,3020,"JJS","best"
489,"word",3022,3028,"NN","picture"
490,"word",3030,3036,"NN","quality"
491,"word",3038,3044,"NN","battery"
492,"word",3046,3049,"NN","life"
493,"word",3051,3054,"JJ","much"
494,"word",3057,3062,"NN","killer"
495,"word",3065,3068,"JJ","good"
496,"word",3070,3074,"NN","phone"
497,"word",3076,3082,"VBG","working"
498,"word",3084,3092,"NN","condition"
499,"word",3094,3102,"NNS","earphones"
500,"word",3104,3107,"JJ","poor"
501,"word",3109,3115,"NN","network"
503,"word",3126,3132,"VBG","working"
505,"word",3139,3146,"VBG","becoming"
507,"word",3153,3157,"JJ","smart"
508,"word",3159,3163,"NN","phone"
509,"word",3165,3167,"NN","lot"
510,"word",3169,3176,"NNS","features"
511,"word",3179,3182,"JJ","good"
512,"word",3184,3190,"JJ","awesome"
513,"word",3192,3196,"NN","phone"
515,"word",3206,3209,"JJ","good"
516,"word",3211,3215,"NN","phone"
517,"word",3217,3222,"NN","pricey"
519,"word",3229,3234,"JJ","mobile"
520,"word",3236,3242,"JJ","awesome"
521,"word",3244,3249,"NN","camera"
522,"word",3251,3258,"NNS","speakers"
524,"word",3264,3270,"NN","storage"
525,"word",3272,3275,"NN","room"
526,"word",3277,3280,"RBR","less"
527,"word",3282,3285,"JJ","nice"
528,"word",3287,3293,"NN","product"
529,"word",3295,3303,"JJ","excellent"
530,"word",3305,3310,"JJ","mobile"
531,"word",3312,3312,"NN","i"
533,"word",3319,3325,"NN","product"
534,"word",3327,3328,"VBP","do"
536,"word",3333,3338,"VB","invest"
537,"word",3340,3344,"NN","money"
538,"word",3346,3351,"NN","device"
540,"word",3357,3361,"VBP","total"
541,"word",3363,3367,"NN","waste"
542,"word",3369,3370,"VBP","do"
544,"word",3375,3377,"VB","buy"
545,"word",3379,3383,"NN","phone"
546,"word",3385,3387,"VBD","got"
547,"word",3389,3394,"JJ","faulty"
548,"word",3396,3399,"NNS","days"
550,"word",3406,3411,"VBP","return"
551,"word",3414,3418,"JJS","worst"
552,"word",3420,3429,"NN","experience"
553,"word",3431,3435,"NNP","Capet"
554,"word",3437,3439,"JJ","bad"
555,"word",3441,3444,"NN","deal"
557,"word",3451,3453,"VB","use"
559,"word",3463,3466,"NN","bake"
560,"word",3468,3471,"NN","case"
561,"word",3473,3476,"JJ","rear"
562,"word",3478,3483,"NN","camera"
563,"word",3485,3490,"NNS","lenses"
564,"word",3492,3497,"NN","damage"
565,"word",3499,3503,"VBG","using"
567,"word",3513,3516,"NN","bake"
568,"word",3518,3521,"NN","case"
569,"word",3523,3523,"NN","r"
570,"word",3525,3529,"NN","vouch"
572,"word",3535,3538,"NNS","paps"
573,"word",3540,3540,"JJ","r"
574,"word",3542,3545,"NN","move"
575,"word",3547,3548,"NNP","SD"
576,"word",3550,3553,"NN","card"
577,"word",3555,3558,"NNS","paps"
578,"word",3560,3564,"VBP","store"
579,"word",3566,3571,"JJ","mobile"
580,"word",3573,3579,"NN","storage"
581,"word",3581,3583,"JJ","new"
583,"word",3588,3591,"JJ","vivo"
584,"word",3593,3599,"NN","product"
586,"word",3604,3608,"VBZ","hangs"
589,"word",3618,3624,"VBG","working"
592,"word",3637,3644,"VBG","expiring"
594,"word",3649,3656,"NN","warranty"
595,"word",3658,3663,"NN","period"
596,"word",3665,3670,"NN","camera"
597,"word",3672,3673,"VBZ","is"
598,"word",3675,3681,"JJ","rubbish"
599,"word",3683,3687,"NN","phone"
600,"word",3689,3690,"VBZ","is"
602,"word",3700,3706,"JJ","rubbish"
603,"word",3709,3716,"NN","purchase"
604,"word",3718,3722,"JJS","worst"
605,"word",3724,3728,"NN","phone"
607,"word",3735,3739,"VBP","range"
608,"word",3741,3746,"NNS","phones"
609,"word",3748,3752,"NN","price"
610,"word",3754,3760,"NN","maximum"
612,"word",3769,3771,"VB","buy"
613,"word",3773,3777,"NN","pixel"
614,"word",3779,3785,"NN","density"
615,"word",3787,3793,"NN","display"
618,"word",3804,3807,"NN","item"
619,"word",3809,3815,"VB","fulfill"
620,"word",3817,3822,"NN","demand"
621,"word",3824,3829,"VBP","please"
622,"word",3831,3836,"VB","return"
623,"word",3838,3841,"JJ","good"
624,"word",3843,3847,"NN","phone"
625,"word",3849,3855,"NN","problem"
626,"word",3857,3860,"VBN","seen"
630,"word",3874,3877,"JJ","good"
631,"word",3879,3883,"NN","phone"
632,"word",3885,3891,"NN","problem"
633,"word",3893,3896,"VBN","seen"
637,"word",3910,3913,"JJ","good"
638,"word",3915,3920,"JJ","mobile"
639,"word",3922,3925,"JJ","nice"
640,"word",3927,3933,"NN","product"
641,"word",3935,3940,"NNS","thanks"
642,"word",3942,3947,"VBP","amazon"
643,"word",3949,3952,"JJ","fast"
644,"word",3954,3961,"NN","delivery"
646,"word",3967,3973,"NN","product"
649,"word",3982,3989,"VBN","received"
650,"word",3991,3995,"NN","today"
651,"word",3997,4003,"VBP","believe"
652,"word",4005,4008,"JJ","nice"
653,"word",4010,4015,"NN","camera"
654,"word",4017,4025,"VBG","operating"
655,"word",4027,4032,"NN","system"
656,"word",4034,4038,"JJ","great"
657,"word",4040,4044,"NN","phone"
658,"word",4046,4052,"JJ","selfish"
659,"word",4054,4059,"NNS","lovers"
660,"word",4061,4064,"VBP","take"
661,"word",4066,4073,"NNS","pictures"
663,"word",4080,4082,"JJ","low"
664,"word",4084,4088,"NN","light"
666,"word",4095,4098,"JJ","full"
667,"word",4100,4104,"NN","scree"
669,"word",4111,4118,"VBZ","provides"
671,"word",4125,4130,"RBR","better"
672,"word",4132,4135,"VB","view"
673,"word",4137,4141,"JJ","light"
674,"word",4143,4148,"NN","weight"
675,"word",4150,4152,"VBN","fit"
676,"word",4154,4158,"NNS","hands"
678,"word",4165,4170,"JJ","mobile"
679,"word",4172,4175,"JJ","good"
680,"word",4177,4180,"JJS","best"
681,"word",4182,4187,"NN","signal"
682,"word",4189,4197,"VBG","receiving"
683,"word",4199,4206,"NN","capacity"
684,"word",4208,4212,"NNS","times"
685,"word",4214,4219,"JJR","better"
686,"word",4221,4226,"NNS","brands"
687,"word",4228,4236,"VBG","regarding"
688,"word",4238,4244,"NNS","signals"
691,"word",4253,4257,"VBG","using"
692,"word",4259,4265,"NN","handset"
693,"word",4267,4270,"JJ","last"
694,"word",4272,4276,"NN","month"
695,"word",4278,4283,"VBD","bought"
697,"word",4289,4292,"NN","line"
698,"word",4294,4298,"NN","store"
700,"word",4309,4313,"NN","phone"
702,"word",4320,4326,"VBG","working"
704,"word",4333,4336,"JJS","best"
705,"word",4338,4342,"NN","phone"
707,"word",4353,4353,"NNS","i"
708,"word",4355,4358,"VBP","know"
709,"word",4360,4365,"NN","gaming"
710,"word",4367,4377,"NN","performance"
711,"word",4379,4381,"NN","kid"
713,"word",4389,4392,"VB","play"
714,"word",4394,4398,"NNS","games"
715,"word",4400,4405,"JJ","mobile"
716,"word",4407,4409,"NN","day"
717,"word",4411,4413,"NN","day"
718,"word",4415,4418,"VBZ","uses"
719,"word",4420,4426,"VBG","working"
720,"word",4428,4433,"NN","butter"
721,"word",4435,4440,"JJ","smooth"
722,"word",4442,4446,"NN","phone"
723,"word",4448,4452,"JJ","great"
724,"word",4454,4459,"NN","camera"
726,"word",4465,4468,"JJ","good"
727,"word",4470,4478,"JJ","excellent"
728,"word",4480,4486,"NN","product"
729,"word",4488,4492,"JJ","great"
730,"word",4494,4499,"NN","camera"
731,"word",4501,4506,"NN","output"
732,"word",4508,4514,"NN","battery"
733,"word",4516,4519,"NN","life"
734,"word",4521,4526,"JJ","smooth"
735,"word",4528,4532,"NNS","multi"
736,"word",4534,4540,"VBG","tasking"
738,"word",4550,4553,"NNS","lags"
740,"word",4558,4561,"NN","look"
741,"word",4563,4565,"NN","key"
742,"word",4567,4575,"VBG","according"
743,"word",4577,4590,"NNS","specifications"
744,"word",4592,4596,"NN","price"
745,"word",4598,4603,"JJ","little"
746,"word",4605,4608,"JJ","high"
747,"word",4610,4619,"NN","comparison"
748,"word",4621,4626,"JJ","mobile"
749,"word",4628,4636,"JJ","available"
750,"word",4638,4645,"VBN","realized"
751,"word",4647,4656,"VBG","purchasing"
752,"word",4658,4660,"NN","hon"
753,"word",4662,4670,"VBG","expecting"
754,"word",4672,4673,"NNP","GB"
755,"word",4675,4677,"NNP","ROM"
756,"word",4679,4683,"NN","price"
757,"word",4685,4692,"VBG","handling"
758,"word",4694,4698,"NN","phone"
759,"word",4700,4703,"VBD","felt"
760,"word",4705,4710,"JJ","smooth"
761,"word",4712,4716,"NNS","looks"
762,"word",4718,4724,"JJ","awesome"
763,"word",4726,4729,"JJ","good"
764,"word",4731,4736,"JJ","mobile"
765,"word",4738,4741,"NN","vivo"
766,"word",4743,4749,"VBG","hanging"
767,"word",4751,4757,"NN","problem"
768,"word",4759,4763,"NN","touch"
770,"word",4770,4773,"VBP","work"
772,"word",4782,4787,"VB","please"
773,"word",4789,4792,"VBN","read"
774,"word",4794,4796,"VB","buy"
775,"word",4798,4807,"NN","snapdragon"
776,"word",4809,4811,"NN","soc"
778,"word",4817,4819,"VB","get"
779,"word",4821,4823,"JJ","red"
780,"word",4825,4826,"NNS","mi"
781,"word",4828,4829,"NNS","rs"
782,"word",4831,4832,"VBD","hf"
783,"word",4834,4839,"JJ","fulled"
784,"word",4841,4847,"NN","display"
785,"word",4849,4856,"VBN","compared"
786,"word",4858,4864,"NNS","devices"
787,"word",4866,4870,"NN","price"
788,"word",4872,4876,"NN","shame"
790,"word",4883,4889,"VBG","getting"
791,"word",4891,4897,"JJ","regular"
792,"word",4899,4906,"NN","software"
793,"word",4908,4913,"NN","update"
794,"word",4915,4916,"VBP","do"
796,"word",4921,4926,"VB","invest"
797,"word",4928,4932,"NN","money"
798,"word",4934,4939,"NN","device"
799,"word",4941,4946,"NN","camera"
800,"word",4948,4954,"JJ","awesome"
801,"word",4956,4960,"VBP","build"
802,"word",4962,4968,"NN","quality"
804,"word",4975,4978,"JJ","fine"
805,"word",4980,4982,"NN","one"
807,"word",4988,4991,"VB","make"
808,"word",4993,4997,"NN","phone"
809,"word",4999,5004,"JJR","better"
810,"word",5006,5010,"NN","metal"
811,"word",5012,5015,"NN","body"
813,"word",5021,5028,"NN","discount"
814,"word",5030,5038,"JJ","incorrect"
815,"word",5040,5043,"JJ","vivo"
816,"word",5045,5045,"NN","v"
817,"word",5047,5050,"VBN","sold"
818,"word",5052,5056,"NN","price"
819,"word",5058,5062,"NNS","shops"
821,"word",5072,5079,"NN","discount"
823,"word",5089,5096,"NN","discount"
825,"word",5102,5106,"NN","phone"
826,"word",5108,5114,"NN","quality"
827,"word",5116,5122,"JJ","amazing"
828,"word",5124,5128,"NN","doubt"
829,"word",5130,5135,"NN","camera"
830,"word",5137,5143,"JJ","quality"
831,"word",5145,5148,"JJ","good"
833,"word",5158,5163,"NN","screen"
834,"word",5165,5168,"NN","size"
835,"word",5170,5174,"JJ","exact"
836,"word",5176,5179,"JJR","less"
837,"word",5182,5189,"JJ","outdated"
838,"word",5191,5199,"NN","processor"
840,"word",5206,5209,"VB","make"
841,"word",5211,5216,"NNS","people"
842,"word",5218,5221,"JJ","full"
843,"word",5223,5229,"JJ","awesome"
844,"word",5231,5235,"NN","phone"
845,"word",5237,5241,"NN","range"
846,"word",5243,5248,"NN","camera"
847,"word",5250,5253,"JJ","good"
848,"word",5255,5263,"NN","processor"
849,"word",5265,5270,"NNS","things"
851,"word",5279,5283,"JJ","smart"
852,"word",5285,5289,"NN","phone"
854,"word",5294,5300,"VBG","looking"
855,"word",5302,5305,"JJ","good"
856,"word",5307,5309,"JJ","mid"
857,"word",5311,5315,"NN","range"
858,"word",5317,5321,"JJ","smart"
859,"word",5323,5327,"NN","phone"
860,"word",5329,5330,"VBP","go"
861,"word",5332,5332,"NN","e"
862,"word",5334,5343,"NN","snapdragon"
864,"word",5351,5353,"JJ","low"
865,"word",5355,5360,"NN","budget"
866,"word",5362,5363,"VBP","do"
868,"word",5368,5370,"VB","buy"
869,"word",5372,5375,"JJ","vivo"
870,"word",5377,5380,"NN","poop"
871,"word",5382,5387,"NNS","phones"
872,"word",5389,5395,"JJ","average"
873,"word",5397,5403,"NN","product"
875,"word",5410,5418,"VBD","mentioned"
876,"word",5420,5423,"NN","cost"
877,"word",5425,5427,"NNS","emu"
878,"word",5429,5436,"VBG","charging"
879,"word",5438,5445,"NN","interest"
881,"word",5452,5452,"NN","v"
882,"word",5454,5458,"JJ","great"
883,"word",5460,5464,"NN","phone"
884,"word",5466,5471,"NN","camera"
885,"word",5473,5479,"NN","clarity"
887,"word",5486,5490,"JJ","great"
888,"word",5492,5498,"JJR","earlier"
890,"word",5502,5506,"VBG","using"
893,"word",5515,5517,"NN","max"
894,"word",5519,5520,"NNP","ND"
895,"word",5522,5530,"VBD","satisfied"
896,"word",5532,5536,"NN","phone"
897,"word",5538,5541,"VBD","went"
900,"word",5550,5554,"NN","phone"
901,"word",5556,5558,"VBD","met"
902,"word",5560,5571,"NNS","expectations"
903,"word",5573,5582,"VBG","regretting"
904,"word",5584,5586,"VB","buy"
905,"word",5589,5593,"NN","phone"
906,"word",5595,5598,"VB","hang"
909,"word",5608,5613,"JJ","mobile"
910,"word",5615,5619,"NN","fault"
911,"word",5621,5626,"NN","camera"
912,"word",5628,5634,"JJ","quality"
913,"word",5636,5638,"JJ","bad"
915,"word",5644,5649,"JJ","amazon"
916,"word",5651,5654,"NN","side"
917,"word",5656,5657,"NNP","SE"
918,"word",5659,5661,"VBD","poi"
919,"word",5663,5664,"NN","bi"
920,"word",5666,5668,"NN","chi"
921,"word",5670,5677,"NN","purchase"
922,"word",5679,5681,"NN","mat"
923,"word",5683,5686,"NNP","Karo"
925,"word",5692,5699,"NN","customer"
926,"word",5701,5703,"NNS","chi"
927,"word",5705,5708,"VBP","need"
928,"word",5710,5711,"NNP","KO"
929,"word",5713,5717,"NNP","Dinah"
930,"word",5719,5724,"NNP","Samara"
931,"word",5726,5727,"VBZ","TA"
933,"word",5731,5739,"JJ","satisfied"
934,"word",5741,5747,"NN","product"
935,"word",5749,5752,"JJ","good"
936,"word",5754,5757,"JJ","good"
937,"word",5759,5763,"NN","fault"
938,"word",5765,5769,"NN","phone"
939,"word",5771,5773,"NN","hie"
940,"word",5775,5778,"NN","aide"
941,"word",5780,5781,"JJ","bi"
942,"word",5783,5787,"NN","phone"
943,"word",5789,5794,"NN","market"
944,"word",5796,5801,"NN","chaise"
945,"word",5803,5806,"NN","teal"
946,"word",5808,5811,"VBP","take"
947,"word",5813,5815,"NN","hie"
948,"word",5817,5819,"NNP","Maj"
949,"word",5821,5822,"NN","bi"
950,"word",5824,5827,"NNS","data"
952,"word",5832,5835,"NN","talk"
953,"word",5837,5842,"NN","camera"
954,"word",5844,5850,"NN","display"
955,"word",5852,5856,"NN","phone"
957,"word",5865,5868,"JJ","good"
958,"word",5870,5876,"JJ","overall"
959,"word",5878,5888,"NN","performance"
960,"word",5890,5893,"JJ","good"
962,"word",5902,5902,"NN","k"
963,"word",5904,5908,"NN","phone"
965,"word",5915,5919,"NN","honor"
966,"word",5921,5921,"NN","x"
967,"word",5923,5926,"NN","moot"
968,"word",5928,5929,"NNS","gs"
970,"word",5936,5939,"JJ","much"
971,"word",5941,5946,"JJR","better"
972,"word",5948,5952,"NN","range"
973,"word",5954,5954,"NN","k"
974,"word",5956,5956,"NN","k"
976,"word",5965,5971,"VBD","wastage"
977,"word",5973,5977,"NN","money"
978,"word",5979,5983,"NN","shame"
980,"word",5990,5997,"JJS","cheapest"
981,"word",5999,6005,"NN","quality"
982,"word",6007,6011,"NN","phone"
983,"word",6013,6023,"NN","performance"
984,"word",6025,6029,"JJ","front"
985,"word",6031,6036,"NN","camera"
986,"word",6038,6041,"JJ","mega"
987,"word",6043,6047,"NN","pixel"
988,"word",6049,6059,"NN","advertising"
989,"word",6061,6062,"NN","pf"
991,"word",6069,6070,"VBP","do"
993,"word",6075,6076,"VB","go"
994,"word",6078,6083,"JJ","mobile"
995,"word",6085,6089,"NN","money"
996,"word",6091,6095,"NN","waste"
997,"word",6097,6099,"JJ","due"
998,"word",6101,6106,"NN","camera"
999,"word",6108,6111,"JJ","good"
1001,"word",6120,6120,"VBP","i"
1002,"word",6122,6127,"VBN","bought"
1003,"word",6129,6133,"NN","phone"
1005,"word",6140,6147,"NNP","December"
1008,"word",6156,6165,"NNS","complaints"
1010,"word",6169,6171,"VBP","say"
1011,"word",6173,6177,"NN","phone"
1013,"word",6184,6187,"VB","fall"
1014,"word",6189,6198,"JJ","reasonable"
1015,"word",6200,6205,"NN","budget"
1016,"word",6207,6211,"VB","thank"
1018,"word",6218,6226,"VBG","providing"
1019,"word",6228,6231,"JJ","nice"
1020,"word",6233,6237,"NN","phone"
1021,"word",6239,6243,"NN","price"
1022,"word",6245,6248,"JJ","rare"
1023,"word",6250,6255,"NN","camera"
1024,"word",6257,6260,"JJ","poor"
1025,"word",6262,6267,"NN","advice"
1026,"word",6269,6276,"NN","purchase"
1027,"word",6278,6284,"NN","product"
1028,"word",6286,6292,"JJ","awesome"
1029,"word",6294,6300,"NN","product"
1030,"word",6302,6306,"VB","thank"
1031,"word",6308,6313,"JJ","amazon"
1032,"word",6315,6321,"NN","product"
1033,"word",6323,6326,"JJ","good"
1034,"word",6328,6333,"NN","screen"
1035,"word",6335,6338,"NN","size"
1036,"word",6340,6344,"JJR","lower"
1037,"word",6346,6348,"VB","get"
1038,"word",6350,6355,"NN","market"
1040,"word",6360,6364,"NN","cover"
1041,"word",6366,6374,"JJ","available"
1042,"word",6376,6380,"NN","waste"
1043,"word",6382,6387,"NN","camera"
1045,"word",6395,6398,"NNS","days"
1046,"word",6400,6407,"VBP","purchase"
1047,"word",6409,6414,"VBN","become"
1048,"word",6416,6424,"VBZ","slowpokes"
1049,"word",6426,6428,"VB","buy"
1050,"word",6430,6434,"NN","phone"
1051,"word",6436,6440,"NN","waste"
1052,"word",6442,6446,"NN","money"
1054,"word",6455,6457,"JJ","low"
1055,"word",6459,6461,"JJ","bad"
1056,"word",6463,6470,"NN","courtier"
1057,"word",6472,6478,"NN","service"
1058,"word",6480,6483,"JJ","poor"
1059,"word",6485,6490,"NN","canard"
1060,"word",6492,6498,"NN","quality"
1061,"word",6500,6503,"JJ","good"
1062,"word",6505,6509,"NN","phone"
1063,"word",6511,6515,"NN","value"
1064,"word",6517,6522,"NN","camera"
1065,"word",6524,6528,"JJ","great"
1066,"word",6530,6538,"VBN","mentioned"
1067,"word",6540,6550,"NN","description"
1069,"word",6564,6567,"VBN","zoom"
1070,"word",6569,6572,"NN","zoom"
1071,"word",6574,6578,"NN","image"
1072,"word",6580,6583,"VBZ","gets"
1073,"word",6585,6591,"VBN","blurred"
1074,"word",6593,6601,"VBN","distorted"
1075,"word",6603,6613,"NN","performance"
1076,"word",6615,6618,"JJ","good"
1077,"word",6620,6624,"NN","music"
1078,"word",6626,6630,"NN","sound"
1079,"word",6632,6638,"NN","quality"
1080,"word",6640,6643,"JJ","good"
1081,"word",6645,6651,"JJ","amazing"
1082,"word",6653,6657,"NN","phone"
1083,"word",6659,6668,"JJ","reasonable"
1084,"word",6670,6674,"NN","price"
1085,"word",6676,6680,"NN","speed"
1086,"word",6682,6686,"NN","phone"
1087,"word",6688,6696,"JJ","excellent"
1088,"word",6698,6703,"NN","camera"
1089,"word",6705,6711,"NN","quality"
1090,"word",6713,6718,"JJ","superb"
1091,"word",6720,6723,"JJ","long"
1092,"word",6725,6731,"JJ","lasting"
1093,"word",6733,6739,"NN","battery"
1094,"word",6741,6746,"NN","backup"
1095,"word",6749,6752,"JJ","good"
1096,"word",6754,6758,"NN","phone"
1097,"word",6760,6764,"NN","worth"
1098,"word",6766,6770,"JJ","third"
1099,"word",6772,6776,"NN","party"
1100,"word",6778,6780,"NN","pap"
1101,"word",6782,6785,"NN","lock"
1102,"word",6787,6796,"VBG","supporting"
1106,"word",6810,6816,"VBN","inbuilt"
1107,"word",6818,6821,"NN","lock"
1108,"word",6823,6828,"NN","system"
1109,"word",6830,6839,"VBG","supporting"
1110,"word",6841,6844,"JJ","poor"
1111,"word",6846,6855,"NN","management"
1114,"word",6864,6871,"VBD","selected"
1115,"word",6873,6879,"NN","payment"
1116,"word",6881,6883,"NN","emu"
1117,"word",6885,6888,"NN","mode"
1118,"word",6890,6895,"NNS","months"
1119,"word",6897,6905,"VBD","converted"
1120,"word",6907,6912,"VB","please"
1121,"word",6914,6917,"VB","tell"
1122,"word",6919,6922,"JJ","wise"
1125,"word",6931,6936,"VB","return"
1126,"word",6938,6944,"NN","product"
1128,"word",6948,6950,"VB","pay"
1129,"word",6952,6956,"JJ","whole"
1130,"word",6958,6963,"NN","amount"
1132,"word",6969,6972,"NN","time"
1133,"word",6974,6980,"NN","product"
1134,"word",6982,6988,"JJ","awesome"
1135,"word",6990,6995,"NNS","offers"
1136,"word",6997,6998,"NNP","GB"
1137,"word",7000,7003,"NNS","data"
1138,"word",7005,7009,"NNP","Vonda"
1139,"word",7011,7014,"JJ","fake"
1140,"word",7016,7019,"JJ","good"
1141,"word",7021,7027,"NN","product"
1142,"word",7029,7039,"NNS","accessories"
1143,"word",7041,7045,"NN","color"
1144,"word",7047,7051,"NN","phone"
1145,"word",7053,7057,"NN","color"
1147,"word",7064,7067,"JJ","good"
1148,"word",7069,7075,"NN","product"
1150,"word",7079,7082,"JJ","good"
1151,"word",7084,7090,"NN","service"
1152,"word",7092,7095,"JJ","good"
1153,"word",7097,7102,"JJ","mobile"
1154,"word",7104,7104,"NN","k"
1156,"word",7110,7113,"JJ","good"
1157,"word",7115,7116,"NN","mi"
1158,"word",7118,7122,"JJ","happy"
1159,"word",7124,7128,"NN","phone"
1160,"word",7130,7133,"NN","head"
1161,"word",7135,7139,"NN","phone"
1162,"word",7141,7144,"NN","jack"
1163,"word",7146,7155,"VBG","connecting"
1165,"word",7161,7164,"JJ","able"
1166,"word",7166,7169,"NN","pick"
1167,"word",7171,7174,"NN","call"
1168,"word",7176,7182,"VBG","swiping"
1170,"word",7189,7191,"JJ","bad"
1171,"word",7193,7202,"NN","experience"
1174,"word",7213,7217,"NN","month"
1176,"word",7233,7241,"VBD","purchased"
1177,"word",7243,7243,"NN","v"
1179,"word",7250,7250,"VBZ","i"
1180,"word",7252,7255,"JJ","sure"
1181,"word",7257,7260,"NN","fate"
1182,"word",7262,7262,"NN","v"
1184,"word",7268,7272,"VBP","spend"
1185,"word",7274,7277,"JJ","much"
1186,"word",7279,7283,"NN","money"
1187,"word",7285,7290,"NNS","phones"
1189,"word",7296,7303,"JJ","reliable"
1190,"word",7305,7307,"JJ","bad"
1191,"word",7309,7313,"NN","phone"
1192,"word",7315,7317,"NN","buy"
1193,"word",7321,7326,"VBD","bought"
1194,"word",7328,7333,"JJ","mobile"
1195,"word",7335,7340,"NNS","months"
1197,"word",7347,7353,"NN","problem"
1198,"word",7355,7362,"VBG","charging"
1199,"word",7364,7370,"NN","adapter"
1200,"word",7372,7373,"JJ","OK"
1201,"word",7375,7377,"NN","sub"
1202,"word",7379,7382,"NNS","data"
1203,"word",7384,7388,"NN","cable"
1205,"word",7395,7401,"VBG","showing"
1206,"word",7403,7410,"VBG","charging"
1207,"word",7412,7417,"NN","symbol"
1208,"word",7419,7424,"JJ","mobile"
1209,"word",7426,7433,"VBG","charging"
1210,"word",7435,7440,"JJ","single"
1211,"word",7442,7446,"NN","point"
1212,"word",7448,7454,"NN","problem"
1213,"word",7456,7463,"VBD","occurred"
1214,"word",7465,7468,"JJ","past"
1215,"word",7470,7474,"NN","month"
1216,"word",7476,7482,"NN","charger"
1217,"word",7484,7486,"NN","sub"
1218,"word",7488,7493,"NNS","cables"
1219,"word",7495,7495,"VBP","r"
1220,"word",7497,7506,"VBG","supporting"
1221,"word",7508,7513,"NN","charge"
1222,"word",7515,7522,"VBG","managing"
1224,"word",7528,7534,"NNS","friends"
1226,"word",7541,7541,"NN","v"
1227,"word",7543,7550,"NNS","chargers"
1228,"word",7552,7555,"VBP","find"
1229,"word",7557,7564,"NN","solution"
1230,"word",7566,7571,"NN","amazon"
1231,"word",7573,7573,"NN","r"
1233,"word",7580,7589,"VBD","authorized"
1234,"word",7591,7597,"NN","service"
1235,"word",7599,7605,"NNS","centers"
1236,"word",7607,7612,"JJ","mobile"
1238,"word",7620,7627,"NN","warranty"
1239,"word",7629,7633,"VBD","tried"
1240,"word",7635,7644,"VBG","contacting"
1241,"word",7646,7652,"NN","service"
1242,"word",7654,7660,"NNS","centers"
1243,"word",7662,7666,"VBZ","lacks"
1244,"word",7668,7675,"NN","response"
1245,"word",7677,7682,"JJ","mobile"
1246,"word",7684,7689,"JJ","superb"
1247,"word",7691,7691,"NNS","i"
1248,"word",7693,7700,"VBN","expected"
1250,"word",7707,7710,"JJ","nice"
1251,"word",7712,7716,"NN","phone"
1252,"word",7718,7722,"JJS","worst"
1253,"word",7724,7730,"NN","product"
1254,"word",7732,7736,"NN","total"
1255,"word",7738,7742,"NN","waist"
1256,"word",7744,7748,"NN","money"
1258,"word",7755,7758,"JJ","nice"
1259,"word",7760,7766,"NN","product"
1260,"word",7768,7770,"VBD","got"
1262,"word",7777,7781,"RBS","least"
1263,"word",7783,7787,"NN","price"
1264,"word",7789,7789,"NN","i"
1266,"word",7798,7806,"JJ","satisfied"
1267,"word",7808,7812,"NN","phone"
1268,"word",7814,7820,"NN","feature"
1270,"word",7824,7830,"VBG","looking"
1271,"word",7832,7836,"NN","phone"
1273,"word",7841,7844,"JJ","good"
1274,"word",7846,7850,"NN","price"
1275,"word",7852,7859,"JJ","complete"
1276,"word",7861,7867,"NN","feature"
1277,"word",7869,7880,"NN","availability"
1278,"word",7882,7885,"JJ","good"
1279,"word",7887,7894,"NN","decision"
1280,"word",7896,7898,"NN","buy"
1281,"word",7900,7904,"NN","phone"
1282,"word",7907,7913,"NN","product"
1283,"word",7915,7922,"VBD","received"
1284,"word",7924,7929,"VBN","agreed"
1285,"word",7931,7940,"NN","timeliness"
1286,"word",7942,7948,"NN","product"
1287,"word",7950,7953,"JJ","good"
1288,"word",7955,7959,"VBN","shown"
1289,"word",7961,7966,"NNS","images"
1290,"word",7968,7975,"VBN","received"
1291,"word",7977,7980,"JJ","good"
1292,"word",7982,7991,"NNS","conditions"
1294,"word",7998,8002,"JJ","super"
1295,"word",8004,8010,"JJ","awesome"
1296,"word",8012,8017,"NN","device"
1297,"word",8019,8026,"JJ","economic"
1298,"word",8028,8035,"VBZ","features"
1300,"word",8041,8043,"JJ","big"
1301,"word",8045,8049,"JJ","sleek"
1302,"word",8051,8054,"NN","good"
1303,"word",8056,8062,"VBG","looking"
1304,"word",8064,8068,"NN","phone"
1307,"word",8078,8080,"JJ","big"
1308,"word",8082,8087,"NN","screen"
1309,"word",8089,8096,"JJ","powerful"
1310,"word",8098,8106,"NN","processor"
1311,"word",8108,8117,"JJ","compatible"
1312,"word",8119,8122,"NNS","paps"
1313,"word",8124,8126,"VBZ","has"
1314,"word",8128,8133,"JJS","latest"
1315,"word",8135,8141,"NN","android"
1316,"word",8143,8149,"NN","version"
1318,"word",8155,8161,"NNS","cameras"
1319,"word",8163,8171,"JJ","excellent"
1321,"word",8184,8188,"JJ","front"
1322,"word",8190,8192,"NN","one"
1324,"word",8198,8203,"JJ","sturdy"
1325,"word",8205,8209,"NN","phone"
1326,"word",8211,8215,"NN","break"
1328,"word",8224,8230,"JJ","awesome"
1329,"word",8232,8239,"NN","clicking"
1330,"word",8241,8246,"NNS","photos"
1331,"word",8248,8256,"VBG","recording"
1332,"word",8258,8263,"NNS","videos"
1334,"word",8269,8271,"NN","top"
1335,"word",8273,8277,"VBZ","comes"
1337,"word",8286,8291,"JJ","decent"
1338,"word",8293,8297,"NN","price"
1340,"word",8307,8311,"VB","phone"
1341,"word",8313,8319,"VBG","working"
1344,"word",8334,8337,"JJ","slow"
1345,"word",8339,8348,"VBG","supporting"
1346,"word",8350,8355,"NN","chrome"
1347,"word",8357,8363,"NN","version"
1350,"word",8374,8380,"VBD","started"
1351,"word",8382,8386,"VBG","using"
1354,"word",8404,8408,"NNS","times"
1355,"word",8410,8417,"NN","software"
1356,"word",8419,8421,"VBD","got"
1357,"word",8423,8429,"VBN","updated"
1358,"word",8431,8437,"JJ","useless"
1359,"word",8439,8444,"NN","camera"
1360,"word",8446,8452,"JJ","quality"
1361,"word",8454,8457,"JJ","good"
1362,"word",8459,8465,"NN","battery"
1364,"word",8472,8475,"JJ","poor"
1365,"word",8477,8483,"NN","picture"
1366,"word",8485,8491,"NN","quality"
1368,"word",8498,8501,"JJ","good"
1370,"word",8507,8510,"VB","move"
1371,"word",8512,8515,"NNS","paps"
1372,"word",8517,8518,"NNP","SD"
1373,"word",8520,8523,"NN","card"
1374,"word",8525,8528,"NN","cost"
1377,"word",8541,8542,"VB","go"
1378,"word",8544,8550,"NNP","Mildred"
1380,"word",8556,8563,"VBD","expected"
1381,"word",8565,8570,"JJR","better"
1382,"word",8572,8577,"NN","option"
1383,"word",8579,8580,"VBP","go"
1384,"word",8582,8583,"NNS","mi"
1386,"word",8587,8591,"NN","honor"
1387,"word",8593,8596,"NN","lite"
1388,"word",8598,8601,"JJ","nice"
1390,"word",8605,8608,"JJ","good"
1391,"word",8610,8616,"VBG","looking"
1392,"word",8618,8622,"JJ","front"
1393,"word",8624,8629,"NN","camera"
1395,"word",8636,8639,"JJ","good"
1396,"word",8641,8647,"NN","product"
1397,"word",8649,8652,"JJ","good"
1398,"word",8654,8659,"NN","camera"
1399,"word",8661,8667,"NN","quality"
1401,"word",8674,8677,"JJ","good"
1402,"word",8679,8681,"VBD","got"
1403,"word",8683,8689,"NN","product"
1404,"word",8691,8698,"NN","estimate"
1405,"word",8700,8703,"NN","date"
1406,"word",8705,8709,"VBP","thank"
1410,"word",8722,8728,"VBD","ordered"
1412,"word",8735,8735,"NN","v"
1415,"word",8747,8750,"NNS","days"
1416,"word",8752,8756,"VBP","phone"
1417,"word",8758,8766,"VBN","delivered"
1418,"word",8768,8772,"NN","phone"
1419,"word",8774,8777,"JJ","good"
1420,"word",8779,8784,"NN","camera"
1422,"word",8791,8794,"JJ","good"
1423,"word",8796,8798,"NN","one"
1424,"word",8800,8806,"NN","problem"
1425,"word",8808,8812,"NN","video"
1426,"word",8814,8817,"NN","call"
1429,"word",8835,8837,"VBP","doe"
1431,"word",8843,8843,"VBG","g"
1432,"word",8845,8849,"NN","voice"
1433,"word",8851,8856,"NN","camera"
1434,"word",8858,8862,"JJS","worst"
1436,"word",8870,8876,"NN","quality"
1437,"word",8878,8879,"NN","mp"
1438,"word",8881,8884,"VBN","zoom"
1439,"word",8886,8890,"NN","image"
1440,"word",8892,8896,"JJ","clear"
1441,"word",8898,8901,"NN","view"
1442,"word",8903,8905,"VB","let"
1443,"word",8907,8912,"VB","attach"
1444,"word",8914,8918,"NN","photo"
1445,"word",8920,8926,"VBD","clicked"
1448,"word",8940,8944,"NN","phone"
1449,"word",8946,8950,"NN","light"
1450,"word",8952,8957,"NN","weight"
1451,"word",8959,8962,"JJ","good"
1452,"word",8964,8970,"NN","battery"
1454,"word",8977,8978,"JJ","OK"
1455,"word",8980,8985,"NN","anyone"
1456,"word",8987,8995,"VBG","searching"
1457,"word",8997,9001,"JJ","great"
1458,"word",9003,9013,"NN","performance"
1459,"word",9015,9020,"NN","camera"
1460,"word",9022,9026,"NN","phone"
1461,"word",9028,9029,"VB","go"
1465,"word",9045,9053,"JJ","satisfied"
1466,"word",9055,9060,"NN","device"
1468,"word",9069,9072,"JJ","good"
1470,"word",9076,9080,"VBN","loved"
1471,"word",9082,9086,"VB","thank"
1472,"word",9088,9093,"JJ","amazon"
1473,"word",9095,9099,"NN","phone"
1475,"word",9106,9109,"VBP","fill"
1476,"word",9111,9116,"VB","please"
1477,"word",9118,9124,"VB","improve"
1478,"word",9126,9133,"NN","delivery"
1479,"word",9135,9139,"NN","agent"
1480,"word",9141,9151,"NN","hospitality"
1481,"word",9153,9156,"NN","kind"
1483,"word",9160,9166,"VBP","believe"
1484,"word",9168,9171,"NNS","guys"
1486,"word",9177,9179,"VB","get"
1488,"word",9186,9191,"JJR","better"
1490,"word",9198,9201,"JJ","nice"
1491,"word",9203,9207,"NN","phone"
1492,"word",9209,9213,"NN","front"
1493,"word",9215,9217,"NN","cam"
1494,"word",9219,9222,"JJ","good"
1496,"word",9228,9232,"JJ","happy"
1497,"word",9234,9237,"NN","time"
1498,"word",9239,9242,"JJ","cozy"
1499,"word",9244,9245,"NNP","ND"
1500,"word",9247,9254,"NN","purchase"
1501,"word",9256,9256,"NN","v"
1502,"word",9258,9258,"NN","i"
1503,"word",9260,9262,"VBD","got"
1504,"word",9264,9267,"JJ","nice"
1505,"word",9269,9276,"NN","earphone"
1506,"word",9278,9280,"VB","sit"
1507,"word",9282,9289,"NN","purchase"
1508,"word",9291,9294,"NN","time"
1510,"word",9305,9309,"JJ","cheap"
1511,"word",9311,9315,"JJS","worst"
1512,"word",9317,9321,"NN","sound"
1513,"word",9323,9325,"JJ","bad"
1514,"word",9327,9333,"NN","quality"
1515,"word",9335,9340,"VBN","fitted"
1516,"word",9342,9345,"NNS","ears"
1519,"word",9356,9361,"VB","change"
1520,"word",9363,9369,"NN","service"
1521,"word",9371,9376,"NN","center"
1522,"word",9378,9379,"NN","pl"
1523,"word",9381,9387,"VBP","suggest"
1525,"word",9391,9398,"VBN","uploaded"
1526,"word",9400,9408,"NNS","earphones"
1527,"word",9410,9412,"VBD","pix"
1528,"word",9414,9416,"JJ","red"
1529,"word",9418,9420,"NN","one"
1530,"word",9422,9424,"VB","sit"
1531,"word",9426,9429,"NN","time"
1532,"word",9431,9438,"NN","purchase"
1533,"word",9440,9441,"NNP","ND"
1535,"word",9447,9450,"NN","time"
1537,"word",9457,9459,"JJ","bad"
1538,"word",9461,9470,"NN","experience"
1540,"word",9474,9482,"JJ","purchased"
1541,"word",9484,9486,"NN","int"
1542,"word",9488,9493,"JJ","mobile"
1543,"word",9495,9499,"NN","phone"
1544,"word",9501,9508,"VBG","thinking"
1546,"word",9515,9521,"NN","company"
1547,"word",9523,9531,"JJ","excellent"
1548,"word",9533,9544,"NNS","expectations"
1549,"word",9546,9550,"JJS","worst"
1550,"word",9552,9561,"NN","experience"
1552,"word",9566,9569,"NN","line"
1553,"word",9571,9580,"VBG","purchasing"
1554,"word",9582,9587,"NN","amazon"
1556,"word",9594,9598,"JJ","first"
1557,"word",9600,9602,"NN","day"
1558,"word",9604,9610,"VBG","hearing"
1559,"word",9612,9617,"NNS","issues"
1560,"word",9619,9625,"VBG","heating"
1561,"word",9627,9634,"NNS","problems"
1562,"word",9636,9639,"VBP","vivo"
1565,"word",9645,9649,"VB","think"
1566,"word",9651,9657,"NN","company"
1567,"word",9659,9664,"VBG","making"
1568,"word",9666,9669,"NN","fool"
1569,"word",9671,9676,"NNS","people"
1572,"word",9687,9692,"NNS","phones"
1574,"word",9699,9704,"JJR","better"
1577,"word",9713,9717,"NN","phone"
1578,"word",9719,9723,"JJS","worst"
1579,"word",9725,9734,"NN","experience"
1581,"word",9741,9747,"NN","company"
1583,"word",9756,9762,"VB","rethink"
1585,"word",9768,9775,"NN","strategy"
1586,"word",9777,9779,"NN","lot"
1587,"word",9781,9787,"VBG","hanging"
1588,"word",9789,9795,"NN","problem"
1589,"word",9797,9801,"NN","month"
1591,"word",9807,9809,"VBP","buy"
1592,"word",9811,9813,"NN","set"
1593,"word",9815,9824,"NN","installing"
1594,"word",9826,9829,"NNS","paps"
1596,"word",9836,9845,"NN","printmaker"
1597,"word",9847,9855,"NN","pentagram"
1598,"word",9857,9860,"NN","face"
1599,"word",9862,9865,"NN","book"
1601,"word",9871,9876,"VBG","facing"
1602,"word",9878,9881,"NN","kind"
1603,"word",9883,9888,"NNS","issues"
1604,"word",9890,9896,"JJ","handset"
1605,"word",9898,9903,"NN","camera"
1606,"word",9905,9906,"JJ","OK"
1607,"word",9908,9914,"NN","battery"
1609,"word",9921,9924,"JJ","fine"
1610,"word",9926,9930,"VBP","think"
1611,"word",9932,9938,"NN","handset"
1612,"word",9940,9941,"NNP","GB"
1613,"word",9943,9945,"NN","ram"
1615,"word",9952,9957,"VBG","making"
1616,"word",9959,9963,"NNS","users"
1617,"word",9965,9968,"VB","fool"
1619,"word",9975,9978,"JJ","rear"
1620,"word",9980,9981,"NN","mp"
1621,"word",9983,9987,"JJ","front"
1622,"word",9989,9994,"NN","camera"
1623,"word",9996,9999,"JJ","vivo"
1624,"word",10001,10006,"VBG","making"
1626,"word",10011,10014,"VB","fool"
1627,"word",10016,10020,"VB","cause"
1628,"word",10022,10028,"NN","nothing"
1629,"word",10030,10034,"JJ","proof"
1630,"word",10036,10041,"NN","camera"
1631,"word",10043,10047,"JJ","pixel"
1634,"word",10055,10055,"NN","i"
1635,"word",10057,10062,"NNP","Hamsun"
1636,"word",10064,10064,"VBZ","s"
1637,"word",10066,10067,"JJ","mp"
1638,"word",10069,10074,"NN","camera"
1639,"word",10076,10082,"NN","picture"
1640,"word",10084,10087,"NN","size"
1641,"word",10089,10093,"VBZ","comes"
1643,"word",10098,10099,"NNP","MB"
1644,"word",10101,10105,"NN","photo"
1645,"word",10107,10108,"NN","mp"
1646,"word",10110,10113,"JJ","high"
1647,"word",10115,10121,"NN","quality"
1648,"word",10123,10129,"NN","picture"
1649,"word",10131,10134,"NN","size"
1650,"word",10136,10139,"NN","tomb"
1651,"word",10141,10144,"NN","size"
1654,"word",10154,10156,"VB","see"
1655,"word",10158,10161,"NN","type"
1656,"word",10163,10168,"NN","camera"
1657,"word",10170,10173,"JJ","vivo"
1658,"word",10175,10180,"VBG","giving"
1660,"word",10186,10190,"NN","thing"
1662,"word",10197,10203,"VBG","selling"
1663,"word",10205,10211,"NN","product"
1664,"word",10213,10214,"NNP","GB"
1665,"word",10216,10218,"NNP","ram"
1666,"word",10220,10221,"NNP","GB"
1667,"word",10223,10231,"JJ","available"
1668,"word",10233,10237,"JJ","equal"
1669,"word",10239,10240,"NNP","GB"
1670,"word",10242,10244,"NN","ram"
1671,"word",10246,10250,"NN","phone"
1674,"word",10260,10265,"VB","update"
1675,"word",10267,10273,"NN","feature"
1677,"word",10280,10286,"VBN","updated"
1679,"word",10291,10293,"NN","pap"
1680,"word",10295,10302,"NN","software"
1682,"word",10310,10319,"VBZ","parameters"
1683,"word",10321,10325,"NN","check"
1684,"word",10327,10332,"NN","camera"
1685,"word",10334,10339,"NN","pixmap"
1687,"word",10346,10352,"VB","produce"
1688,"word",10354,10355,"NNP","MB"
1689,"word",10357,10359,"NN","pix"
1690,"word",10361,10364,"NN","size"
1691,"word",10366,10367,"NN","mp"
1693,"word",10374,10380,"VB","produce"
1694,"word",10382,10383,"NNP","MB"
1695,"word",10385,10386,"NN","mp"
1696,"word",10388,10394,"NNS","cameras"
1697,"word",10396,10398,"NN","pix"
1698,"word",10400,10403,"NN","size"
1700,"word",10410,10411,"NNPS","MB"
1702,"word",10417,10418,"NN","mp"
1703,"word",10420,10426,"NNS","cameras"
1704,"word",10428,10430,"NN","pix"
1705,"word",10432,10435,"NN","size"
1707,"word",10442,10443,"VB","MB"
1708,"word",10445,10451,"JJ","minimum"
1709,"word",10453,10457,"NN","image"
1711,"word",10464,10467,"VB","blur"
1712,"word",10469,10475,"NN","zooming"
1713,"word",10478,10481,"NNS","days"
1714,"word",10483,10483,"VBP","k"
1715,"word",10485,10487,"JJ","bad"
1716,"word",10489,10493,"NN","phone"
1718,"word",10509,10512,"VB","band"
1720,"word",10517,10520,"NNS","gays"
1721,"word",10522,10524,"NN","air"
1722,"word",10526,10530,"NN","power"
1723,"word",10532,10536,"NNP","Dinah"
1725,"word",10541,10544,"NN","raga"
1726,"word",10546,10547,"NN","ab"
1727,"word",10549,10555,"NN","service"
1728,"word",10557,10562,"NN","center"
1729,"word",10564,10567,"NNP","Jana"
1730,"word",10569,10574,"VBD","padded"
1733,"word",10585,10588,"VB","love"
1734,"word",10591,10597,"VB","display"
1735,"word",10599,10602,"JJ","good"
1736,"word",10604,10604,"NN","u"
1737,"word",10606,10609,"VBP","want"
1738,"word",10611,10615,"NN","watch"
1739,"word",10617,10622,"NNS","videos"
1741,"word",10628,10631,"NN","tube"
1743,"word",10636,10639,"NN","line"
1744,"word",10641,10647,"NN","display"
1745,"word",10649,10652,"JJ","good"
1747,"word",10658,10664,"VB","suggest"
1748,"word",10666,10667,"VB","go"
1749,"word",10669,10673,"JJ","front"
1750,"word",10675,10680,"NN","camera"
1751,"word",10682,10686,"NN","waste"
1754,"word",10697,10700,"JJ","poor"
1755,"word",10702,10708,"NN","battery"
1756,"word",10710,10715,"JJ","backup"
1757,"word",10717,10720,"NN","time"
1758,"word",10722,10727,"JJ","mobile"
1759,"word",10729,10734,"NN","charge"
1761,"word",10740,10742,"NN","day"
1762,"word",10744,10747,"JJ","nice"
1763,"word",10749,10753,"NN","phone"
1764,"word",10755,10762,"NNS","features"
1765,"word",10764,10767,"JJ","good"
1766,"word",10769,10773,"NN","phone"
1769,"word",10783,10786,"JJ","nice"
1770,"word",10788,10793,"NN","option"
1771,"word",10795,10798,"JJ","good"
1772,"word",10800,10806,"NN","service"
1773,"word",10808,10814,"NN","product"
1774,"word",10816,10820,"JJ","worth"
1775,"word",10822,10826,"NN","money"
1776,"word",10829,10834,"NN","camera"
1777,"word",10836,10842,"NN","quality"
1778,"word",10844,10847,"JJ","poor"
1779,"word",10849,10852,"JJ","good"
1780,"word",10854,10857,"JJ","good"
1781,"word",10859,10862,"JJS","best"
1782,"word",10864,10869,"NN","camera"
1783,"word",10871,10877,"JJ","quality"
1784,"word",10879,10882,"JJ","good"
1785,"word",10884,10890,"NN","product"
1786,"word",10892,10892,"NN","i"
1789,"word",10904,10907,"JJ","nice"
1790,"word",10909,10913,"NNS","stars"
1792,"word",10920,10925,"NN","camera"
1795,"word",10939,10944,"JJR","better"
1796,"word",10946,10949,"JJ","good"
1797,"word",10951,10955,"NN","phone"
1798,"word",10957,10966,"VBG","suggesting"
1799,"word",10968,10970,"VBP","buy"
1800,"word",10972,10976,"NN","phone"
1802,"word",10980,10984,"VBG","using"
1803,"word",10986,10990,"NN","phone"
1805,"word",10999,11004,"NNS","months"
1807,"word",11010,11015,"NN","camera"
1808,"word",11017,11020,"JJ","good"
1809,"word",11022,11022,"NN","i"
1810,"word",11024,11031,"VBD","received"
1812,"word",11040,11043,"NN","date"
1813,"word",11045,11050,"JJ","mobile"
1814,"word",11052,11060,"JJ","excellent"
1815,"word",11062,11070,"NN","packaging"
1816,"word",11072,11074,"JJ","bad"
1817,"word",11076,11082,"VB","improve"
1818,"word",11085,11089,"VBD","liked"
1819,"word",11091,11097,"NN","product"
1820,"word",11099,11101,"VBD","got"
1821,"word",11103,11110,"NN","exchange"
1822,"word",11112,11115,"JJ","good"
1823,"word",11117,11121,"NN","phone"
1825,"word",11127,11130,"JJS","best"
1826,"word",11132,11136,"NN","phone"
1828,"word",11143,11146,"JJ","nice"
1829,"word",11148,11152,"NN","phone"
1830,"word",11154,11158,"NN","price"
1831,"word",11160,11164,"VBD","loved"
1832,"word",11167,11175,"JJ","excellent"
1833,"word",11178,11180,"VB","get"
1834,"word",11182,11186,"NN","phone"
1835,"word",11188,11196,"JJ","excellent"
1836,"word",11198,11202,"NN","phone"
1837,"word",11204,11208,"NN","price"
1839,"word",11221,11224,"JJ","nice"
1840,"word",11226,11231,"NN","device"
1841,"word",11233,11237,"JJ","super"
1842,"word",11239,11243,"NN","phone"
1843,"word",11245,11248,"JJ","nice"
1844,"word",11250,11255,"NN","camera"
1845,"word",11257,11262,"NN","killer"
1846,"word",11264,11274,"NN","performance"
1847,"word",11276,11282,"NN","battery"
1848,"word",11284,11289,"NN","backup"
1849,"word",11291,11294,"JJ","good"
1850,"word",11296,11302,"JJ","perfect"
1851,"word",11304,11308,"NN","phone"
1853,"word",11312,11319,"VBN","received"
1854,"word",11321,11324,"NN","book"
1855,"word",11326,11329,"NN","show"
1856,"word",11331,11337,"NNS","coupons"
1857,"word",11339,11344,"VBG","mazing"
1858,"word",11346,11350,"NN","phone"
1861,"word",11359,11364,"VBN","bought"
1863,"word",11368,11371,"NN","love"
1864,"word",11374,11377,"VBZ","does"
1865,"word",11379,11385,"NN","support"
1867,"word",11390,11394,"NN","video"
1868,"word",11396,11400,"VBZ","calls"
1871,"word",11410,11418,"VBN","mentioned"
1872,"word",11420,11424,"NNS","specs"
1874,"word",11432,11440,"VBN","specified"
1875,"word",11442,11446,"NNS","specs"
1876,"word",11448,11453,"NNS","people"
1877,"word",11455,11459,"JJ","aware"
1878,"word",11461,11464,"VBP","make"
1879,"word",11466,11473,"NN","decision"
1880,"word",11475,11477,"NN","buy"
1882,"word",11484,11487,"JJ","good"
1883,"word",11489,11493,"NN","phone"
1884,"word",11495,11499,"NN","price"
1885,"word",11501,11505,"NN","range"
1886,"word",11507,11510,"JJ","nice"
1887,"word",11512,11516,"NN","phone"
1888,"word",11518,11520,"NN","buy"
1889,"word",11522,11522,"NN","k"
1890,"word",11524,11531,"NN","exchange"
1891,"word",11533,11539,"NN","battery"
1893,"word",11546,11549,"JJ","good"
1895,"word",11555,11558,"JJS","best"
1896,"word",11560,11565,"JJ","mobile"
1897,"word",11567,11572,"JJ","recent"
1898,"word",11574,11577,"NN","time"
1900,"word",11585,11585,"NN","v"
1901,"word",11587,11594,"JJ","fabulous"
1902,"word",11596,11600,"NN","phone"
1903,"word",11602,11607,"NN","camera"
1904,"word",11609,11615,"NN","clarity"
1905,"word",11617,11623,"JJ","awesome"
1907,"word",11635,11639,"JJ","front"
1908,"word",11641,11646,"NN","camera"
1909,"word",11648,11653,"NNS","thanks"
1911,"word",11662,11668,"NN","courier"
1912,"word",11670,11676,"NN","service"
1914,"word",11683,11686,"JJ","nice"
1915,"word",11688,11693,"JJ","mobile"
1916,"word",11695,11699,"JJ","super"
1917,"word",11701,11701,"NN","i"
1919,"word",11708,11711,"VBD","fell"
1920,"word",11713,11715,"JJ","bad"
1921,"word",11717,11723,"NN","product"
1922,"word",11725,11728,"JJ","rear"
1923,"word",11730,11735,"NN","camera"
1924,"word",11737,11742,"JJ","better"
1925,"word",11744,11749,"NNS","pixels"
1926,"word",11751,11757,"JJ","visible"
1927,"word",11759,11765,"JJ","selfish"
1928,"word",11767,11772,"NN","camera"
1929,"word",11774,11778,"JJ","super"
1931,"word",11783,11788,"NN","weight"
1932,"word",11790,11794,"NN","phone"
1933,"word",11796,11802,"VBG","looking"
1934,"word",11804,11808,"JJ","super"
1935,"word",11810,11811,"NNS","hi"
1937,"word",11815,11818,"VBP","want"
1938,"word",11820,11830,"NN","replacement"
1939,"word",11832,11836,"NN","phone"
1940,"word",11838,11842,"NN","color"
1941,"word",11844,11847,"JJ","good"
1942,"word",11849,11855,"JJ","awesome"
1943,"word",11857,11862,"JJ","mobile"
1944,"word",11864,11868,"NN","range"
1945,"word",11871,11877,"VBN","brought"
1946,"word",11879,11885,"NN","product"
1947,"word",11887,11888,"NN","th"
1949,"word",11894,11900,"VB","charger"
1950,"word",11902,11908,"VBG","missing"
1951,"word",11910,11914,"JJ","tried"
1952,"word",11916,11926,"NN","replacement"
1953,"word",11928,11931,"VBD","said"
1955,"word",11938,11941,"VB","take"
1956,"word",11943,11946,"NNS","days"
1957,"word",11948,11956,"VBG","returning"
1958,"word",11958,11964,"NN","product"
1959,"word",11966,11974,"JJ","excellent"
1960,"word",11976,11980,"JJ","super"
1961,"word",11982,11988,"VBN","ordered"
1962,"word",11990,11993,"NN","gold"
1963,"word",11995,12002,"VBD","received"
1964,"word",12004,12009,"NN","silver"
1965,"word",12011,12014,"JJ","nice"
1967,"word",12022,12025,"JJ","nice"
1968,"word",12027,12030,"JJ","good"
1969,"word",12032,12034,"NN","one"
1971,"word",12041,12041,"NN","v"
1972,"word",12043,12048,"JJ","mobile"
1973,"word",12050,12053,"NN","love"
1976,"word",12063,12069,"NN","problem"
1977,"word",12071,12077,"NN","battery"
1978,"word",12079,12084,"NN","backup"
1979,"word",12086,12089,"VBN","come"
1980,"word",12091,12091,"VBZ","s"
1981,"word",12093,12095,"NN","day"
1982,"word",12097,12097,"NN","e"
1983,"word",12099,12099,"NN","i"
1984,"word",12101,12103,"VBD","got"
1985,"word",12105,12109,"NN","phone"
1986,"word",12111,12111,"NN","n"
1987,"word",12113,12113,"NN","m"
1989,"word",12120,12123,"JJ","glad"
1992,"word",12131,12136,"VBD","bought"
1995,"word",12144,12147,"VB","tell"
1996,"word",12149,12151,"NNS","oms"
1997,"word",12153,12157,"NN","phone"
1998,"word",12159,12159,"NN","b"
1999,"word",12161,12164,"VBD","used"
2000,"word",12166,12172,"NN","gudgeon"
2001,"word",12174,12179,"JJ","classy"
2002,"word",12181,12185,"JJ","worth"
2003,"word",12187,12191,"VBN","loved"
2004,"word",12193,12197,"VBP","thank"
2005,"word",12199,12201,"VB","sew"
2006,"word",12203,12206,"JJ","much"
2007,"word",12208,12213,"NN","amazon"
2008,"word",12215,12221,"NN","battery"
2009,"word",12223,12228,"NN","backup"
2010,"word",12230,12233,"JJ","good"
2011,"word",12235,12235,"NN","r"
2012,"word",12237,12245,"NN","capturing"
2013,"word",12247,12251,"NN","photo"
2014,"word",12253,12257,"NN","click"
2015,"word",12259,12264,"VBD","waited"
2016,"word",12266,12271,"JJ","second"
2017,"word",12273,12277,"NN","photo"
2019,"word",12284,12288,"VB","bluer"
