3,"word",6,9,"JJ","nice"
4,"word",11,15,"NN","phone"
7,"word",29,35,"VB","upgrade"
8,"word",37,42,"NNS","lovers"
10,"word",47,52,"NN","update"
11,"word",54,64,"NN","marshmallow"
12,"word",66,69,"NN","rest"
13,"word",71,76,"NN","camera"
14,"word",78,88,"NN","performance"
15,"word",90,99,"NN","everything"
16,"word",101,104,"JJ","nice"
19,"word",116,119,"NN","year"
20,"word",121,125,"NN","usage"
21,"word",127,131,"VBZ","gives"
22,"word",133,137,"JJ","audio"
23,"word",139,145,"NN","battery"
24,"word",147,154,"NNS","problems"
26,"word",161,166,"NNS","points"
27,"word",168,171,"JJ","good"
28,"word",173,179,"NN","storage"
30,"word",186,190,"NN","speed"
31,"word",192,196,"JJ","sleek"
32,"word",198,198,"NN","n"
33,"word",200,204,"JJ","handy"
34,"word",206,211,"NN","finger"
35,"word",213,217,"NN","print"
36,"word",219,223,"VBZ","works"
39,"word",237,243,"VBG","heating"
40,"word",245,250,"NNS","issues"
42,"word",254,257,"NN","wont"
43,"word",259,267,"VBP","recommend"
44,"word",269,273,"NN","phone"
45,"word",275,280,"NN","anyone"
46,"word",282,284,"JJ","due"
47,"word",286,289,"JJ","poor"
48,"word",291,297,"NN","battery"
49,"word",299,302,"JJ","many"
50,"word",304,308,"NNS","items"
51,"word",310,318,"VBG","including"
53,"word",325,331,"NNS","mobiles"
54,"word",333,341,"VBG","according"
55,"word",343,348,"NNS","orders"
56,"word",350,355,"VBD","placed"
57,"word",357,361,"VBN","found"
58,"word",363,367,"NNS","items"
59,"word",369,376,"VBD","received"
60,"word",378,381,"JJ","good"
61,"word",383,391,"NN","condition"
62,"word",393,399,"VBG","working"
64,"word",416,421,"NNS","thanks"
66,"word",427,431,"NN","chore"
67,"word",433,436,"NN","sale"
68,"word",438,440,"VBD","put"
69,"word",442,445,"JJ","fake"
70,"word",447,450,"VBZ","adds"
71,"word",452,459,"VBG","cheering"
72,"word",461,466,"NNS","people"
73,"word",469,472,"JJ","good"
75,"word",479,479,"NN","v"
76,"word",481,484,"NN","lira"
77,"word",486,489,"NN","haft"
79,"word",496,502,"NN","display"
80,"word",504,508,"NN","break"
81,"word",510,512,"NNS","hog"
82,"word",514,520,"VBP","display"
83,"word",522,526,"JJ","worth"
84,"word",528,529,"NNS","rs"
85,"word",531,534,"JJ","good"
86,"word",536,541,"JJ","mobile"
87,"word",543,549,"NN","product"
88,"word",551,554,"NN","good"
89,"word",556,559,"JJ","nice"
90,"word",561,565,"NN","phone"
91,"word",567,572,"JJ","superb"
92,"word",575,578,"JJ","nice"
93,"word",580,585,"JJ","mobile"
94,"word",587,588,"JJ","OK"
97,"word",602,608,"JJ","awesome"
98,"word",610,614,"NN","phone"
99,"word",616,622,"VBP","suggest"
100,"word",624,631,"NN","everyone"
101,"word",633,640,"VBG","planning"
102,"word",642,644,"VB","buy"
103,"word",646,649,"NN","cell"
104,"word",651,655,"NN","phone"
105,"word",657,659,"NN","buy"
106,"word",661,661,"NN","e"
107,"word",664,667,"JJ","nice"
108,"word",669,673,"NN","phone"
110,"word",679,682,"JJ","good"
111,"word",684,690,"NN","battery"
112,"word",692,697,"NN","backup"
113,"word",699,702,"JJ","poor"
114,"word",704,709,"JJ","mobile"
115,"word",711,717,"JJ","awesome"
116,"word",719,722,"NN","gift"
117,"word",724,726,"NN","dad"
118,"word",728,735,"JJ","original"
119,"word",737,743,"NN","product"
121,"word",749,756,"JJ","verified"
122,"word",758,761,"JJ","vivo"
123,"word",763,767,"NN","store"
124,"word",769,773,"JJ","happy"
125,"word",775,779,"JJ","proud"
126,"word",781,785,"VBP","thank"
127,"word",787,792,"JJ","amazon"
128,"word",794,799,"VBD","spread"
129,"word",801,805,"VB","smile"
132,"word",814,816,"NN","tag"
133,"word",818,821,"NN","line"
134,"word",823,828,"JJR","faster"
135,"word",830,835,"RBR","faster"
137,"word",844,846,"VB","lag"
138,"word",848,851,"JJ","free"
139,"word",853,858,"NN","device"
141,"word",865,871,"VBP","feature"
142,"word",873,877,"NN","music"
143,"word",879,882,"NN","mode"
144,"word",884,890,"NN","speaker"
145,"word",892,901,"VBN","freehanded"
146,"word",903,908,"NN","camera"
147,"word",910,913,"NNS","lots"
149,"word",927,932,"VBN","usable"
150,"word",934,940,"NN","feature"
151,"word",942,945,"NN","snow"
152,"word",947,951,"NN","price"
153,"word",953,961,"NN","reduction"
154,"word",963,966,"JJ","nice"
155,"word",968,971,"NN","deal"
157,"word",977,983,"VBG","working"
159,"word",996,999,"JJ","fine"
160,"word",1001,1006,"NN","device"
162,"word",1013,1016,"NN","date"
165,"word",1027,1031,"NN","thing"
166,"word",1033,1035,"VBD","bit"
167,"word",1037,1048,"JJ","disappointed"
168,"word",1050,1053,"NN","body"
169,"word",1055,1057,"VBP","see"
170,"word",1059,1063,"JJ","minor"
171,"word",1065,1069,"NNS","flaws"
173,"word",1076,1084,"VBG","operating"
174,"word",1086,1091,"NN","device"
176,"word",1098,1101,"JJ","good"
178,"word",1110,1113,"JJ","good"
179,"word",1115,1119,"NN","phone"
181,"word",1124,1129,"NN","budget"
182,"word",1131,1135,"NN","price"
183,"word",1137,1140,"JJ","high"
184,"word",1142,1146,"NN","price"
185,"word",1148,1151,"JJ","good"
186,"word",1153,1159,"NN","quality"
187,"word",1161,1166,"JJ","smooth"
188,"word",1168,1174,"VBG","working"
189,"word",1176,1180,"JJ","super"
190,"word",1182,1186,"NN","speed"
191,"word",1188,1192,"JJ","sleek"
192,"word",1194,1200,"NN","stylish"
193,"word",1202,1206,"JJ","worth"
194,"word",1208,1211,"NN","deal"
195,"word",1213,1216,"JJ","good"
196,"word",1218,1224,"NN","product"
197,"word",1226,1229,"JJ","good"
198,"word",1231,1237,"NN","product"
199,"word",1239,1241,"VB","buy"
200,"word",1243,1247,"NNS","pries"
201,"word",1249,1256,"VB","decrease"
203,"word",1263,1268,"RBR","faster"
204,"word",1270,1273,"JJ","good"
205,"word",1275,1279,"NN","phone"
206,"word",1281,1284,"JJ","good"
207,"word",1286,1287,"JJ","OK"
208,"word",1289,1293,"NNS","needs"
209,"word",1295,1301,"JJ","regular"
210,"word",1303,1311,"NNS","softwares"
211,"word",1313,1319,"NNS","updates"
212,"word",1321,1324,"JJ","nice"
213,"word",1326,1331,"JJ","mobile"
214,"word",1333,1336,"JJ","nice"
215,"word",1338,1342,"NN","phone"
216,"word",1345,1348,"JJ","poor"
217,"word",1350,1356,"NN","battery"
218,"word",1358,1361,"NN","life"
219,"word",1363,1367,"JJ","worth"
220,"word",1369,1373,"NN","price"
221,"word",1375,1380,"JJ","mobile"
222,"word",1382,1388,"VBG","working"
223,"word",1390,1393,"NN","fine"
224,"word",1395,1399,"NN","issue"
225,"word",1401,1407,"NN","battery"
226,"word",1409,1414,"JJ","mobile"
227,"word",1416,1418,"VBP","get"
228,"word",1420,1425,"NN","charge"
230,"word",1432,1437,"NN","approx"
231,"word",1439,1445,"NNS","minutes"
232,"word",1447,1453,"VBN","charged"
234,"word",1460,1463,"JJ","next"
235,"word",1465,1469,"NNS","hours"
237,"word",1477,1482,"VB","defect"
238,"word",1484,1492,"JJ","excellent"
240,"word",1499,1499,"NN","i"
241,"word",1501,1503,"VBD","got"
242,"word",1505,1509,"NN","phone"
243,"word",1511,1517,"NN","battery"
244,"word",1519,1525,"VBZ","belongs"
245,"word",1527,1530,"JJ","vivo"
246,"word",1532,1538,"NN","company"
247,"word",1540,1546,"NN","charger"
248,"word",1548,1552,"VBZ","looks"
250,"word",1559,1563,"JJ","local"
251,"word",1565,1568,"NN","shop"
252,"word",1570,1577,"NN","purchase"
253,"word",1579,1585,"NN","battery"
254,"word",1587,1596,"NN","everything"
256,"word",1603,1606,"JJ","fine"
257,"word",1608,1615,"NN","warranty"
258,"word",1617,1620,"NN","card"
259,"word",1622,1629,"VBD","included"
260,"word",1631,1633,"NN","box"
261,"word",1635,1643,"JJ","excellent"
262,"word",1645,1650,"JJ","mobile"
263,"word",1652,1652,"NN","i"
264,"word",1654,1658,"JJ","happy"
265,"word",1660,1665,"NN","amazon"
266,"word",1667,1673,"VBG","selling"
267,"word",1675,1682,"JJ","original"
268,"word",1684,1691,"NNS","products"
269,"word",1694,1697,"JJ","good"
270,"word",1700,1703,"JJ","nice"
271,"word",1705,1710,"NN","camera"
272,"word",1712,1718,"JJ","quality"
273,"word",1720,1723,"JJ","good"
274,"word",1725,1727,"NN","one"
275,"word",1729,1732,"JJ","nice"
276,"word",1734,1737,"JJ","good"
277,"word",1739,1749,"JJ","outstanding"
278,"word",1751,1755,"NN","phone"
279,"word",1757,1761,"JJ","great"
280,"word",1763,1767,"VBP","amaze"
281,"word",1769,1772,"VB","send"
282,"word",1774,1780,"JJ","careful"
285,"word",1789,1792,"NN","need"
286,"word",1794,1796,"JJ","new"
287,"word",1798,1801,"NN","vivo"
288,"word",1803,1803,"NN","v"
289,"word",1805,1811,"VBG","working"
291,"word",1822,1827,"JJ","superb"
292,"word",1829,1833,"NN","phone"
293,"word",1835,1839,"JJ","front"
294,"word",1841,1846,"NN","camera"
296,"word",1853,1856,"JJ","good"
297,"word",1858,1862,"NN","night"
298,"word",1864,1866,"VBP","run"
299,"word",1868,1871,"JJ","high"
300,"word",1873,1877,"NN","power"
301,"word",1879,1883,"NNS","games"
303,"word",1893,1899,"NN","problem"
304,"word",1901,1907,"JJ","average"
305,"word",1909,1915,"NN","product"
306,"word",1917,1920,"NN","mark"
307,"word",1923,1926,"JJ","good"
308,"word",1928,1932,"NN","speed"
310,"word",1939,1946,"VBN","expected"
311,"word",1948,1952,"NN","video"
312,"word",1954,1960,"VBG","calling"
313,"word",1962,1968,"NNS","futures"
314,"word",1970,1978,"JJ","available"
315,"word",1980,1984,"NN","phone"
316,"word",1986,1989,"JJ","good"
317,"word",1991,1991,"NNS","i"
318,"word",1993,1996,"VBP","have"
320,"word",2001,2009,"VBN","purchased"
321,"word",2011,2016,"JJ","amazon"
322,"word",2018,2021,"JJ","vivo"
323,"word",2023,2027,"NN","store"
324,"word",2029,2038,"NN","experience"
325,"word",2040,2047,"JJ","terrible"
326,"word",2049,2054,"NNS","phones"
327,"word",2056,2060,"VBZ","keeps"
328,"word",2062,2070,"VBG","switching"
329,"word",2072,2078,"VBN","charged"
331,"word",2084,2088,"NN","night"
332,"word",2090,2096,"NN","morning"
333,"word",2098,2102,"NN","usage"
334,"word",2104,2111,"VBD","switched"
335,"word",2113,2118,"NN","charge"
336,"word",2120,2123,"JJ","sure"
337,"word",2125,2131,"VBN","charged"
338,"word",2133,2140,"NN","software"
339,"word",2142,2148,"NNS","updates"
341,"word",2160,2164,"JJS","worst"
342,"word",2166,2172,"NN","product"
344,"word",2179,2184,"VBD","bought"
345,"word",2186,2189,"JJ","nice"
346,"word",2191,2196,"JJ","mobile"
347,"word",2198,2201,"JJ","vivo"
348,"word",2203,2206,"JJS","best"
349,"word",2208,2214,"NN","company"
350,"word",2216,2222,"VBP","feature"
351,"word",2224,2227,"JJ","good"
352,"word",2229,2232,"JJ","many"
353,"word",2234,2236,"JJ","new"
354,"word",2238,2245,"NNS","features"
355,"word",2247,2252,"NN","camera"
356,"word",2254,2257,"JJ","good"
357,"word",2259,2262,"JJ","nice"
358,"word",2264,2270,"NN","product"
359,"word",2272,2277,"JJ","mobile"
360,"word",2279,2283,"JJ","slime"
361,"word",2285,2291,"NN","display"
362,"word",2293,2297,"NN","quart"
363,"word",2299,2301,"NN","use"
364,"word",2303,2306,"JJS","best"
365,"word",2308,2314,"NN","feature"
366,"word",2316,2321,"JJ","useful"
368,"word",2325,2331,"VBN","ordered"
371,"word",2340,2341,"VB","GB"
372,"word",2343,2346,"JJ","gold"
373,"word",2348,2352,"NN","phone"
374,"word",2354,2354,"NN","i"
375,"word",2356,2358,"VBD","got"
376,"word",2360,2363,"NNP","Leno"
377,"word",2365,2366,"NNP","AA"
378,"word",2368,2370,"NN","box"
379,"word",2372,2377,"JJ","mobile"
380,"word",2379,2382,"NN","vivo"
382,"word",2391,2393,"NN","box"
383,"word",2395,2398,"NNP","Leno"
384,"word",2400,2404,"NN","phone"
386,"word",2411,2417,"NN","battery"
387,"word",2419,2425,"VBG","missing"
388,"word",2427,2429,"NN","box"
390,"word",2436,2438,"VBD","got"
391,"word",2440,2444,"JJ","wrong"
392,"word",2446,2452,"NN","charger"
393,"word",2454,2457,"JJ","nice"
394,"word",2459,2463,"NN","phone"
396,"word",2479,2484,"VB","return"
397,"word",2486,2493,"NNS","gestures"
398,"word",2495,2504,"VBG","processing"
399,"word",2506,2507,"NNS","ii"
401,"word",2514,2517,"JJ","good"
402,"word",2519,2519,"NN","u"
403,"word",2521,2523,"VB","get"
404,"word",2525,2531,"RBR","smarter"
405,"word",2533,2537,"NN","phone"
406,"word",2539,2542,"NN","stop"
407,"word",2544,2552,"VBG","wandering"
408,"word",2554,2559,"NNS","thumbs"
412,"word",2573,2576,"JJ","nice"
413,"word",2578,2585,"JJ","powerful"
414,"word",2587,2591,"NN","phone"
415,"word",2593,2598,"VBN","loaded"
416,"word",2600,2603,"JJ","good"
417,"word",2605,2611,"NN","quality"
418,"word",2613,2618,"NN","camera"
419,"word",2620,2629,"JJ","attractive"
420,"word",2631,2636,"NN","design"
422,"word",2643,2646,"JJ","good"
423,"word",2648,2650,"NN","buy"
424,"word",2652,2657,"NNS","thanks"
426,"word",2666,2670,"JJ","great"
427,"word",2672,2678,"NN","packing"
428,"word",2680,2688,"VBN","undamaged"
429,"word",2690,2697,"NN","delivery"
430,"word",2699,2703,"NN","relay"
433,"word",2712,2715,"NN","love"
435,"word",2722,2722,"NN","v"
439,"word",2737,2745,"VBD","purchased"
441,"word",2749,2752,"NN","feel"
442,"word",2754,2757,"VBD","lost"
443,"word",2759,2763,"NN","phone"
445,"word",2768,2775,"VBZ","features"
446,"word",2777,2777,"VBN","i"
447,"word",2779,2785,"VBG","looking"
450,"word",2798,2802,"NNS","years"
452,"word",2806,2809,"NN","feel"
454,"word",2816,2823,"VBG","changing"
456,"word",2827,2829,"VBD","got"
458,"word",2833,2837,"VBN","spent"
459,"word",2839,2843,"NN","piece"
460,"word",2845,2850,"NNS","thanks"
462,"word",2857,2860,"JJ","nice"
463,"word",2862,2866,"NN","phone"
464,"word",2868,2875,"NN","everyone"
465,"word",2877,2879,"VBP","try"
466,"word",2881,2884,"JJ","sure"
467,"word",2886,2895,"NN","everything"
469,"word",2902,2908,"NN","nothing"
470,"word",2910,2918,"NN","complaint"
471,"word",2920,2926,"NN","concern"
472,"word",2928,2932,"NN","usage"
473,"word",2934,2942,"NN","lifestyle"
475,"word",2947,2951,"VBZ","meets"
476,"word",2953,2957,"NN","angle"
477,"word",2959,2962,"JJS","best"
478,"word",2964,2968,"NN","phone"
479,"word",2970,2971,"NN","st"
480,"word",2973,2977,"NN","price"
482,"word",2981,2989,"VBN","purchased"
483,"word",2991,3000,"NN","lightening"
484,"word",3002,3005,"NN","deal"
485,"word",3007,3008,"NNS","rs"
487,"word",3017,3020,"NN","year"
488,"word",3022,3024,"NN","use"
490,"word",3032,3040,"JJ","satisfied"
492,"word",3045,3050,"NN","camera"
493,"word",3052,3058,"JJ","awesome"
494,"word",3060,3069,"NN","snapdragon"
495,"word",3071,3074,"JJ","good"
497,"word",3083,3084,"NNP","GB"
498,"word",3086,3088,"NN","ram"
499,"word",3090,3095,"NN","handle"
500,"word",3097,3099,"NN","pap"
501,"word",3101,3102,"NNS","OS"
503,"word",3109,3114,"JJ","smooth"
505,"word",3121,3127,"NN","battery"
506,"word",3129,3142,"NN","disappointment"
507,"word",3144,3149,"NN","reason"
508,"word",3151,3157,"JJ","average"
509,"word",3159,3162,"NN","life"
511,"word",3167,3171,"NNS","hours"
512,"word",3173,3180,"JJ","moderate"
513,"word",3182,3184,"NN","use"
514,"word",3186,3190,"JJ","white"
515,"word",3192,3199,"NN","clicking"
516,"word",3201,3208,"NNS","pictures"
517,"word",3210,3216,"NN","battery"
518,"word",3218,3222,"NN","drain"
519,"word",3224,3226,"NNS","els"
520,"word",3228,3232,"NNS","hours"
521,"word",3234,3237,"NN","time"
523,"word",3244,3249,"NN","reason"
524,"word",3251,3254,"VBD","gave"
525,"word",3256,3259,"NN","star"
526,"word",3261,3264,"NN","vivo"
527,"word",3266,3266,"NN","v"
528,"word",3268,3271,"JJS","best"
529,"word",3273,3277,"NN","phone"
530,"word",3279,3283,"VBG","using"
531,"word",3285,3295,"JJ","continuable"
532,"word",3297,3303,"NN","playing"
533,"word",3305,3309,"NNS","games"
534,"word",3311,3314,"VBZ","does"
536,"word",3319,3322,"VB","heat"
537,"word",3324,3330,"NN","battery"
538,"word",3332,3337,"NN","backup"
540,"word",3344,3347,"NN","year"
541,"word",3349,3354,"JJ","little"
542,"word",3356,3358,"NN","bit"
543,"word",3360,3366,"NN","battery"
544,"word",3368,3372,"NN","issue"
545,"word",3374,3379,"JJ","normal"
546,"word",3381,3387,"NN","compare"
547,"word",3389,3393,"JJ","smart"
548,"word",3395,3399,"NN","phone"
549,"word",3401,3408,"VBG","changing"
550,"word",3410,3414,"NN","batty"
551,"word",3416,3420,"VBZ","works"
552,"word",3422,3425,"NN","fine"
553,"word",3427,3430,"JJ","nice"
554,"word",3432,3436,"JJ","super"
555,"word",3438,3442,"NN","phone"
556,"word",3444,3448,"VBG","using"
557,"word",3450,3455,"JJ","mobile"
558,"word",3457,3462,"NN","wonder"
559,"word",3464,3471,"VBZ","features"
561,"word",3478,3484,"NN","battery"
562,"word",3486,3491,"NN","backup"
564,"word",3501,3505,"VBD","loved"
565,"word",3507,3509,"JJ","old"
566,"word",3511,3516,"JJ","mobile"
567,"word",3518,3519,"NNS","mi"
568,"word",3521,3527,"VBG","writing"
569,"word",3529,3534,"NNS","months"
570,"word",3536,3538,"VBP","use"
571,"word",3540,3544,"NN","phone"
572,"word",3546,3547,"VBZ","is"
573,"word",3549,3553,"JJ","great"
574,"word",3555,3565,"NN","performance"
575,"word",3567,3570,"NN","volt"
576,"word",3572,3580,"VBN","dedicated"
577,"word",3582,3587,"NN","memory"
578,"word",3589,3592,"NN","card"
579,"word",3594,3597,"NN","slot"
580,"word",3599,3605,"NN","present"
581,"word",3607,3613,"NN","battery"
582,"word",3615,3621,"JJ","average"
583,"word",3623,3628,"NN","camera"
584,"word",3630,3633,"JJ","good"
585,"word",3635,3638,"NNS","lots"
586,"word",3640,3645,"VBN","hidden"
587,"word",3647,3653,"NN","feature"
589,"word",3658,3662,"NN","issue"
591,"word",3669,3676,"VBG","breaking"
592,"word",3678,3682,"NN","voice"
593,"word",3684,3688,"NNS","times"
595,"word",3695,3700,"NN","volume"
598,"word",3721,3725,"NN","level"
599,"word",3727,3732,"VBP","listen"
600,"word",3734,3738,"NN","thing"
601,"word",3740,3746,"NNS","seconds"
603,"word",3753,3759,"NN","network"
604,"word",3761,3765,"NN","issue"
605,"word",3767,3772,"JJ","mobile"
606,"word",3774,3778,"NN","issue"
608,"word",3784,3790,"NN","handset"
609,"word",3792,3799,"JJ","powerful"
610,"word",3801,3806,"JJ","smooth"
611,"word",3808,3814,"VBG","working"
613,"word",3820,3827,"NNS","features"
614,"word",3829,3832,"JJ","good"
615,"word",3834,3835,"NN","no"
616,"word",3837,3840,"VB","hang"
618,"word",3845,3848,"NNP","Lang"
620,"word",3855,3858,"JJ","good"
621,"word",3860,3866,"NN","product"
623,"word",3871,3874,"JJ","vivo"
624,"word",3876,3878,"NNS","oms"
625,"word",3880,3884,"VBP","phone"
626,"word",3886,3889,"VB","want"
627,"word",3891,3894,"NN","sell"
630,"word",3903,3907,"NN","month"
631,"word",3909,3913,"JJR","older"
632,"word",3915,3919,"NN","rupee"
634,"word",3928,3931,"VBD","gave"
636,"word",3941,3946,"NN","update"
637,"word",3948,3951,"JJS","best"
638,"word",3953,3957,"NN","phone"
639,"word",3959,3961,"NN","buy"
640,"word",3963,3967,"NN","price"
642,"word",3973,3976,"VBP","seem"
643,"word",3978,3982,"NNS","slots"
644,"word",3984,3991,"JJ","separate"
645,"word",3993,3994,"NNP","SD"
646,"word",3996,3999,"NN","card"
647,"word",4001,4004,"NN","slot"
648,"word",4006,4007,"NNP","GB"
649,"word",4009,4015,"VBD","inbuilt"
650,"word",4017,4019,"NNP","ROM"
651,"word",4021,4026,"VBZ","allows"
652,"word",4028,4033,"JJ","smooth"
653,"word",4035,4045,"NN","performance"
654,"word",4047,4050,"JJ","good"
655,"word",4052,4058,"NN","battery"
656,"word",4060,4063,"NN","life"
657,"word",4065,4067,"NN","day"
658,"word",4069,4075,"JJ","average"
659,"word",4077,4079,"NN","use"
660,"word",4081,4083,"NN","fun"
663,"word",4094,4097,"JJ","good"
664,"word",4099,4101,"NN","lot"
665,"word",4103,4109,"NN","gesture"
666,"word",4111,4118,"VBZ","controls"
667,"word",4120,4124,"NN","phone"
668,"word",4126,4128,"NN","lag"
669,"word",4130,4133,"VBP","hang"
670,"word",4135,4140,"NN","camera"
672,"word",4147,4150,"JJ","good"
673,"word",4152,4157,"JJR","better"
674,"word",4159,4163,"NN","phone"
675,"word",4165,4168,"NN","poop"
676,"word",4170,4170,"NN","f"
677,"word",4172,4177,"NNP","Hamsun"
678,"word",4179,4179,"NN","j"
681,"word",4190,4190,"NN","x"
682,"word",4192,4195,"NN","moot"
683,"word",4197,4197,"VBG","g"
684,"word",4199,4202,"VBN","used"
685,"word",4204,4212,"VBG","comparing"
686,"word",4214,4218,"NNS","looks"
687,"word",4220,4224,"VBZ","feels"
688,"word",4226,4232,"JJ","awesome"
689,"word",4234,4237,"NN","hand"
690,"word",4239,4242,"NN","form"
691,"word",4244,4249,"NN","factor"
692,"word",4251,4254,"NN","size"
693,"word",4256,4262,"JJ","perfect"
695,"word",4268,4271,"NN","hand"
696,"word",4273,4275,"NN","use"
697,"word",4277,4283,"NN","speaker"
698,"word",4285,4290,"NN","output"
701,"word",4302,4306,"JJ","clear"
703,"word",4312,4319,"JJ","complete"
704,"word",4321,4327,"NN","package"
705,"word",4329,4332,"JJ","good"
706,"word",4334,4339,"NN","budget"
707,"word",4341,4346,"NN","review"
708,"word",4348,4351,"NNS","days"
709,"word",4353,4355,"VBP","use"
711,"word",4364,4372,"JJ","wonderful"
712,"word",4374,4378,"JJ","great"
713,"word",4380,4391,"NN","satisfaction"
714,"word",4393,4398,"NN","device"
715,"word",4400,4403,"JJ","nice"
716,"word",4405,4408,"NN","term"
717,"word",4410,4413,"JJ","slim"
718,"word",4415,4419,"NN","light"
719,"word",4421,4426,"NN","weight"
720,"word",4428,4433,"NN","camera"
721,"word",4435,4438,"JJ","nice"
722,"word",4440,4446,"NN","battery"
723,"word",4448,4450,"NN","bit"
724,"word",4452,4455,"RBR","less"
725,"word",4457,4460,"JJ","okay"
726,"word",4462,4466,"NN","music"
727,"word",4468,4476,"JJ","beautiful"
728,"word",4478,4481,"NNS","pros"
730,"word",4487,4497,"NN","performance"
731,"word",4499,4506,"NN","software"
732,"word",4508,4512,"NN","phone"
733,"word",4514,4520,"JJ","amazing"
734,"word",4522,4525,"NNS","cons"
735,"word",4527,4533,"NN","battery"
736,"word",4535,4540,"NN","backup"
737,"word",4542,4544,"JJ","low"
738,"word",4546,4549,"NN","play"
740,"word",4554,4557,"NN","line"
741,"word",4559,4563,"NNS","games"
743,"word",4570,4572,"NN","cox"
745,"word",4576,4578,"NN","use"
748,"word",4587,4592,"JJ","mobile"
749,"word",4594,4602,"JJ","fantastic"
750,"word",4604,4609,"JJ","superb"
751,"word",4611,4616,"JJ","mobile"
752,"word",4618,4621,"JJ","fast"
754,"word",4630,4632,"VBP","use"
755,"word",4634,4638,"NN","phone"
756,"word",4640,4642,"NN","use"
757,"word",4644,4647,"JJS","best"
758,"word",4649,4658,"NN","technology"
759,"word",4660,4665,"RBR","faster"
760,"word",4667,4670,"JJ","fast"
761,"word",4672,4677,"JJ","mobile"
762,"word",4679,4685,"JJ","amazing"
763,"word",4687,4691,"NN","phone"
764,"word",4693,4698,"NN","camera"
766,"word",4707,4711,"VB","phone"
767,"word",4713,4717,"NN","price"
768,"word",4719,4723,"NN","range"
769,"word",4725,4731,"JJ","awesome"
770,"word",4733,4738,"JJ","mobile"
771,"word",4740,4744,"NN","phone"
773,"word",4750,4755,"JJ","mobile"
774,"word",4757,4760,"JJ","good"
775,"word",4762,4769,"NN","software"
776,"word",4771,4777,"NN","upgrade"
777,"word",4779,4780,"VBP","do"
779,"word",4785,4790,"JJ","mobile"
780,"word",4792,4796,"NNS","wants"
781,"word",4798,4804,"NNS","updates"
783,"word",4811,4816,"VBG","adding"
785,"word",4823,4827,"JJ","white"
786,"word",4829,4832,"NN","list"
787,"word",4834,4842,"VBD","installed"
788,"word",4844,4847,"NN","play"
789,"word",4849,4853,"NN","store"
790,"word",4855,4858,"NN","push"
791,"word",4860,4872,"NNS","notifications"
792,"word",4874,4878,"VBZ","comes"
794,"word",4885,4888,"NN","star"
796,"word",4895,4899,"VB","waste"
798,"word",4909,4914,"JJ","amazon"
799,"word",4916,4919,"VBP","send"
800,"word",4921,4924,"VBN","used"
801,"word",4926,4932,"NN","product"
802,"word",4934,4938,"JJ","small"
803,"word",4940,4946,"NN","scratch"
806,"word",4960,4964,"NN","phone"
807,"word",4966,4972,"VBG","looking"
808,"word",4974,4977,"JJ","good"
809,"word",4979,4986,"JJ","internal"
810,"word",4988,4993,"NN","memory"
811,"word",4995,4999,"NN","phone"
812,"word",5001,5008,"NNS","features"
815,"word",5019,5023,"VBN","liked"
816,"word",5025,5030,"NN","finger"
817,"word",5032,5036,"NN","print"
818,"word",5038,5042,"NNS","locks"
820,"word",5046,5053,"VBN","accepted"
821,"word",5055,5059,"NN","phone"
823,"word",5066,5070,"JJ","small"
824,"word",5072,5078,"NN","scratch"
825,"word",5080,5085,"NN","screen"
828,"word",5095,5099,"NN","phone"
829,"word",5101,5107,"NN","battery"
830,"word",5109,5111,"VBD","was"
833,"word",5123,5127,"JJS","worst"
836,"word",5137,5138,"VBZ","is"
838,"word",5144,5146,"VB","get"
840,"word",5152,5154,"NN","day"
843,"word",5163,5165,"VBD","did"
845,"word",5170,5173,"VBN","used"
846,"word",5175,5177,"JJ","net"
847,"word",5179,5185,"VBD","thought"
848,"word",5187,5192,"VB","return"
852,"word",5208,5211,"NNS","days"
857,"word",5238,5245,"JJ","personal"
858,"word",5247,5253,"NNS","reasons"
862,"word",5266,5269,"VBN","done"
865,"word",5280,5280,"VBZ","i"
866,"word",5282,5285,"VBN","kept"
869,"word",5294,5299,"NN","return"
871,"word",5305,5310,"NN","refund"
874,"word",5323,5328,"NN","amazon"
875,"word",5330,5331,"VBZ","is"
876,"word",5333,5337,"VBG","going"
878,"word",5342,5346,"VB","issue"
879,"word",5348,5353,"NN","refund"
880,"word",5355,5360,"NNS","thanks"
882,"word",5365,5370,"NN","amazon"
885,"word",5381,5382,"VBZ","is"
887,"word",5388,5393,"JJ","worthy"
888,"word",5395,5401,"NN","product"
891,"word",5414,5420,"NN","battery"
892,"word",5422,5427,"NN","backup"
893,"word",5429,5431,"VBD","was"
896,"word",5443,5445,"JJ","bad"
897,"word",5447,5451,"JJ","small"
898,"word",5453,5466,"NN","disappointment"
902,"word",5484,5487,"JJ","long"
903,"word",5489,5492,"NN","time"
905,"word",5496,5504,"VBN","purchased"
907,"word",5508,5513,"JJ","mobile"
911,"word",5525,5530,"VBD","worked"
912,"word",5532,5539,"NN","overtime"
914,"word",5545,5549,"VB","spend"
915,"word",5551,5555,"NN","money"
917,"word",5560,5562,"VB","buy"
919,"word",5567,5570,"VBN","lost"
921,"word",5575,5577,"VBZ","has"
922,"word",5579,5582,"VBN","gone"
925,"word",5594,5599,"JJR","better"
926,"word",5601,5605,"NN","phone"
927,"word",5607,5607,"NN","e"
928,"word",5609,5612,"NN","poop"
929,"word",5614,5619,"NN","Hamsun"
930,"word",5621,5622,"NNS","mi"
931,"word",5624,5627,"JJ","good"
932,"word",5629,5634,"NN","camera"
933,"word",5636,5640,"JJ","great"
934,"word",5642,5652,"NN","performance"
935,"word",5654,5655,"VBP","go"
936,"word",5658,5662,"JJ","great"
937,"word",5664,5674,"NN","performance"
939,"word",5681,5687,"NN","quality"
942,"word",5699,5702,"NN","year"
943,"word",5704,5708,"NN","usage"
945,"word",5713,5719,"JJ","awesome"
946,"word",5721,5726,"VBD","bought"
948,"word",5733,5739,"NN","battery"
949,"word",5741,5747,"NN","problem"
951,"word",5752,5755,"JJ","good"
952,"word",5757,5761,"NN","phone"
954,"word",5770,5775,"NN","camera"
955,"word",5777,5783,"JJ","quality"
957,"word",5791,5794,"NNS","days"
958,"word",5796,5798,"VBP","use"
959,"word",5800,5804,"VBN","found"
961,"word",5811,5818,"VBN","released"
962,"word",5820,5826,"JJ","awesome"
963,"word",5828,5834,"NN","handset"
964,"word",5836,5840,"JJ","first"
965,"word",5842,5847,"NN","camera"
966,"word",5849,5855,"JJ","awesome"
967,"word",5857,5863,"NN","battery"
968,"word",5865,5870,"NN","backup"
969,"word",5872,5875,"JJ","good"
970,"word",5877,5883,"NN","display"
971,"word",5885,5891,"JJ","awesome"
972,"word",5893,5900,"VBN","compared"
973,"word",5902,5906,"JJ","smart"
974,"word",5908,5913,"NNS","phones"
975,"word",5915,5919,"VBP","range"
977,"word",5925,5927,"NN","fun"
978,"word",5929,5933,"NN","touch"
979,"word",5935,5936,"NNP","OS"
980,"word",5938,5946,"JJ","excellent"
981,"word",5948,5952,"NN","build"
982,"word",5954,5958,"VBD","quilt"
983,"word",5960,5966,"JJ","awesome"
985,"word",5971,5976,"NN","moment"
986,"word",5978,5979,"NNP","GB"
987,"word",5981,5983,"NN","ram"
989,"word",5992,5998,"VBZ","remains"
990,"word",6000,6008,"JJ","available"
991,"word",6010,6011,"NNP","GB"
992,"word",6013,6015,"NN","ram"
993,"word",6017,6018,"VBP","do"
995,"word",6023,6025,"VB","buy"
996,"word",6027,6028,"NN","pl"
998,"word",6032,6040,"VBN","purchased"
999,"word",6042,6045,"JJ","vivo"
1000,"word",6047,6047,"NN","v"
1001,"word",6049,6054,"JJ","mobile"
1002,"word",6056,6061,"NN","amazon"
1003,"word",6063,6066,"NNS","days"
1005,"word",6074,6077,"NNS","days"
1006,"word",6079,6084,"JJ","mobile"
1007,"word",6086,6096,"VBG","overheating"
1008,"word",6098,6103,"NN","charge"
1009,"word",6105,6111,"VBG","talking"
1011,"word",6116,6118,"VBP","buy"
1014,"word",6129,6134,"NN","amazon"
1016,"word",6141,6144,"VBD","told"
1018,"word",6155,6159,"VB","solve"
1019,"word",6161,6165,"NN","issue"
1020,"word",6167,6172,"NN","refund"
1021,"word",6174,6179,"NN","policy"
1023,"word",6185,6191,"VBD","changed"
1024,"word",6193,6196,"JJ","nice"
1025,"word",6198,6203,"JJ","mobile"
1027,"word",6209,6213,"JJ","small"
1028,"word",6215,6221,"NN","problem"
1029,"word",6223,6227,"NN","night"
1030,"word",6229,6238,"NNS","conditions"
1031,"word",6240,6245,"NN","camera"
1032,"word",6247,6253,"JJ","quality"
1033,"word",6255,6261,"NN","average"
1035,"word",6266,6269,"NNS","days"
1037,"word",6276,6281,"NN","camera"
1039,"word",6288,6294,"VB","install"
1040,"word",6296,6305,"NN","snapdragon"
1041,"word",6307,6310,"NNS","guru"
1042,"word",6312,6314,"NN","pap"
1043,"word",6316,6319,"NN","play"
1044,"word",6321,6325,"NN","store"
1045,"word",6327,6327,"NN","i"
1047,"word",6334,6340,"VB","improve"
1048,"word",6342,6343,"NNP","Ur"
1050,"word",6350,6356,"NN","battery"
1051,"word",6358,6361,"NN","life"
1053,"word",6373,6380,"VBN","designed"
1055,"word",6387,6390,"JJ","good"
1056,"word",6392,6398,"NN","problem"
1057,"word",6400,6405,"NN","camera"
1058,"word",6407,6413,"JJ","quality"
1059,"word",6415,6420,"NN","camera"
1060,"word",6422,6428,"JJ","quality"
1062,"word",6434,6440,"JJ","overall"
1063,"word",6442,6452,"NN","performance"
1064,"word",6454,6457,"NN","fine"
1065,"word",6459,6466,"VBD","received"
1066,"word",6468,6474,"NN","product"
1068,"word",6485,6491,"VBN","damaged"
1070,"word",6498,6501,"NN","case"
1071,"word",6503,6511,"VBG","finishing"
1072,"word",6513,6516,"NN","mark"
1074,"word",6523,6526,"JJ","good"
1075,"word",6528,6532,"NN","model"
1076,"word",6534,6541,"JJ","phonemic"
1077,"word",6543,6547,"VBG","using"
1078,"word",6549,6554,"NNS","months"
1080,"word",6560,6563,"NN","work"
1081,"word",6565,6568,"JJ","good"
1082,"word",6570,6572,"NN","aim"
1084,"word",6579,6585,"VB","satisfy"
1085,"word",6587,6591,"NN","model"
1087,"word",6598,6601,"JJ","good"
1088,"word",6603,6607,"NN","macer"
1089,"word",6609,6613,"NN","front"
1090,"word",6615,6618,"JJ","rear"
1091,"word",6620,6623,"JJ","fine"
1092,"word",6625,6630,"JJ","mobile"
1093,"word",6632,6635,"JJ","good"
1094,"word",6637,6643,"NN","quality"
1095,"word",6645,6650,"NN","camera"
1096,"word",6652,6656,"JJ","super"
1098,"word",6663,6670,"VBG","handling"
1099,"word",6672,6675,"JJ","good"
1100,"word",6677,6681,"JJ","smart"
1101,"word",6683,6687,"NN","phone"
1102,"word",6689,6693,"NN","range"
1103,"word",6695,6695,"NN","k"
1105,"word",6700,6704,"VBZ","takes"
1106,"word",6706,6708,"NNS","hrs"
1107,"word",6710,6713,"JJ","full"
1108,"word",6715,6720,"NN","charge"
1110,"word",6732,6739,"VBZ","features"
1111,"word",6741,6747,"JJ","amazing"
1113,"word",6754,6760,"JJ","amazing"
1114,"word",6762,6766,"NN","phone"
1116,"word",6770,6775,"VBG","buying"
1117,"word",6777,6781,"NN","phone"
1118,"word",6783,6788,"NN","market"
1119,"word",6790,6796,"NN","battery"
1120,"word",6798,6803,"JJ","backup"
1121,"word",6805,6808,"JJ","good"
1122,"word",6810,6815,"NN","camera"
1124,"word",6822,6825,"JJ","good"
1125,"word",6827,6833,"JJ","awesome"
1126,"word",6835,6840,"JJ","mobile"
1128,"word",6845,6847,"VBP","aim"
1129,"word",6849,6855,"NNP","Valenka"
1130,"word",6857,6864,"VB","purchase"
1131,"word",6866,6870,"NN","phone"
1132,"word",6872,6877,"NNS","months"
1135,"word",6889,6892,"JJ","good"
1136,"word",6894,6899,"NN","camera"
1137,"word",6901,6907,"NN","clarity"
1138,"word",6909,6915,"JJ","awesome"
1139,"word",6917,6922,"JJ","mobile"
1140,"word",6924,6928,"NN","phone"
1143,"word",6939,6944,"NNS","things"
1144,"word",6946,6951,"NN","camera"
1145,"word",6953,6958,"NN","weight"
1146,"word",6960,6965,"NN","screen"
1147,"word",6967,6976,"NN","resolution"
1148,"word",6978,6991,"NNS","specifications"
1150,"word",6998,7004,"JJ","perfect"
1151,"word",7006,7012,"JJ","perfect"
1152,"word",7014,7018,"NN","phone"
1154,"word",7025,7033,"JJ","fantastic"
1155,"word",7035,7039,"VBD","loved"
1158,"word",7049,7056,"VBG","charging"
1159,"word",7058,7061,"NN","time"
1160,"word",7063,7067,"NNS","hours"
1161,"word",7069,7073,"JJS","worst"
1163,"word",7080,7083,"VBN","seen"
1164,"word",7085,7089,"NNS","hours"
1165,"word",7091,7100,"JJ","continuous"
1166,"word",7102,7106,"NN","usage"
1167,"word",7108,7113,"NN","device"
1168,"word",7115,7120,"NN","charge"
1171,"word",7137,7141,"NNS","bulls"
1173,"word",7147,7147,"VBP","i"
1174,"word",7149,7153,"VBG","using"
1176,"word",7161,7164,"JJ","last"
1178,"word",7172,7176,"NN","month"
1179,"word",7178,7188,"VBD","awesomeness"
1180,"word",7190,7195,"RBR","faster"
1181,"word",7197,7202,"RBR","faster"
1182,"word",7204,7207,"JJ","good"
1183,"word",7209,7215,"NN","battery"
1185,"word",7222,7231,"NN","everything"
1186,"word",7233,7243,"VB","godforsaken"
1187,"word",7245,7248,"JJS","best"
1188,"word",7250,7254,"NN","phone"
1189,"word",7256,7260,"NN","class"
1190,"word",7262,7266,"VBZ","comes"
1191,"word",7268,7272,"JJ","great"
1192,"word",7274,7278,"JJ","smart"
1193,"word",7280,7287,"NNS","features"
1194,"word",7289,7293,"VBZ","hangs"
1195,"word",7295,7299,"JJ","clear"
1196,"word",7301,7306,"NN","winner"
1197,"word",7308,7312,"NN","price"
1198,"word",7314,7318,"NN","range"
1200,"word",7325,7329,"JJ","great"
1201,"word",7331,7334,"NN","pair"
1202,"word",7336,7343,"NNS","features"
1203,"word",7345,7350,"NNS","phones"
1204,"word",7354,7357,"JJ","good"
1205,"word",7359,7363,"NN","model"
1206,"word",7365,7366,"NN","bf"
1207,"word",7368,7371,"VBN","used"
1208,"word",7373,7376,"NNP","Leno"
1210,"word",7380,7383,"VBZ","does"
1212,"word",7388,7391,"VB","hang"
1213,"word",7393,7400,"NN","anything"
1216,"word",7408,7412,"VBP","phone"
1217,"word",7414,7417,"JJ","back"
1218,"word",7419,7422,"NN","side"
1219,"word",7424,7425,"NNP","SE"
1220,"word",7427,7430,"NN","gold"
1221,"word",7432,7436,"NN","color"
1222,"word",7438,7438,"JJ","h"
1223,"word",7440,7445,"NN","camera"
1224,"word",7447,7450,"JJ","good"
1225,"word",7452,7458,"NN","battery"
1226,"word",7460,7465,"NN","backup"
1227,"word",7467,7475,"JJ","excellent"
1228,"word",7477,7483,"NN","problem"
1229,"word",7485,7495,"NN","fingerprint"
1230,"word",7497,7503,"NN","scanner"
1231,"word",7505,7509,"NN","speed"
1232,"word",7511,7519,"VBG","unlocking"
1233,"word",7521,7529,"NNS","decreases"
1235,"word",7541,7544,"VBP","work"
1237,"word",7550,7553,"VBD","swam"
1238,"word",7555,7559,"NN","phone"
1239,"word",7561,7570,"JJ","unbeatable"
1242,"word",7580,7582,"VB","see"
1243,"word",7584,7588,"NNS","rives"
1244,"word",7590,7593,"NN","dist"
1245,"word",7595,7599,"NN","order"
1248,"word",7611,7614,"NNP","Siva"
1250,"word",7619,7624,"NN","finger"
1251,"word",7626,7630,"NN","print"
1252,"word",7632,7635,"NN","dost"
1253,"word",7637,7643,"NN","respond"
1255,"word",7653,7661,"VBG","remaining"
1256,"word",7663,7670,"NNS","features"
1257,"word",7672,7676,"JJ","super"
1258,"word",7678,7684,"JJ","amazing"
1259,"word",7686,7693,"NNS","features"
1260,"word",7695,7698,"VBP","hang"
1261,"word",7700,7706,"NN","network"
1262,"word",7708,7715,"VBG","catching"
1263,"word",7717,7721,"NN","power"
1265,"word",7730,7735,"JJ","active"
1266,"word",7737,7740,"NN","area"
1268,"word",7744,7747,"JJ","good"
1270,"word",7757,7758,"NNS","mi"
1271,"word",7760,7765,"NNS","phones"
1273,"word",7771,7774,"JJS","best"
1274,"word",7776,7780,"NN","phone"
1276,"word",7784,7786,"VBP","get"
1277,"word",7788,7792,"NN","price"
1279,"word",7798,7806,"NN","stability"
1280,"word",7808,7812,"JJ","sound"
1281,"word",7814,7820,"NN","quality"
1282,"word",7822,7827,"NN","camera"
1284,"word",7834,7840,"JJ","awesome"
1286,"word",7845,7849,"NN","price"
1287,"word",7851,7856,"NNS","offers"
1288,"word",7858,7859,"VBD","mp"
1290,"word",7863,7864,"JJ","mp"
1291,"word",7866,7871,"NN","camera"
1292,"word",7873,7874,"NNP","GB"
1293,"word",7876,7878,"VBD","ram"
1295,"word",7882,7883,"NNP","GB"
1296,"word",7885,7887,"NNP","ROM"
1298,"word",7893,7899,"NN","battery"
1299,"word",7901,7905,"VBZ","stays"
1300,"word",7907,7910,"JJ","long"
1301,"word",7912,7915,"NN","time"
1303,"word",7921,7926,"JJ","amazon"
1304,"word",7928,7931,"NN","deal"
1306,"word",7938,7943,"VBN","become"
1307,"word",7945,7949,"JJ","great"
1309,"word",7958,7962,"VBD","liked"
1312,"word",7976,7978,"VB","sum"
1313,"word",7980,7984,"NN","phone"
1315,"word",7989,7992,"NN","love"
1316,"word",7994,7997,"NN","weed"
1320,"word",8010,8015,"VBN","buoyed"
1321,"word",8017,8022,"VBN","closed"
1322,"word",8024,8027,"NNS","eyes"
1323,"word",8029,8033,"VBP","phone"
1324,"word",8035,8041,"VBG","getting"
1325,"word",8043,8046,"NN","heat"
1326,"word",8048,8058,"NN","performance"
1327,"word",8060,8063,"JJ","good"
1328,"word",8065,8069,"JJ","super"
1329,"word",8071,8077,"NN","working"
1330,"word",8079,8080,"VBP","do"
1332,"word",8085,8087,"VB","buy"
1333,"word",8089,8093,"NN","phone"
1334,"word",8095,8097,"JJ","bxs"
1335,"word",8099,8104,"NN","camera"
1336,"word",8106,8112,"JJ","quality"
1337,"word",8114,8117,"JJ","poor"
1338,"word",8119,8125,"NN","heating"
1339,"word",8127,8133,"NN","problem"
1340,"word",8135,8141,"NN","nothing"
1341,"word",8143,8146,"JJ","good"
1342,"word",8148,8152,"NN","waste"
1343,"word",8154,8158,"NN","money"
1345,"word",8163,8166,"JJ","nice"
1346,"word",8168,8173,"RBR","faster"
1347,"word",8175,8183,"VBG","comparing"
1348,"word",8185,8191,"NNS","mobiles"
1349,"word",8193,8197,"VBP","phone"
1350,"word",8199,8205,"JJ","awesome"
1351,"word",8207,8213,"NN","problem"
1352,"word",8215,8220,"NN","camera"
1353,"word",8222,8228,"JJ","quality"
1354,"word",8230,8236,"JJ","average"
1355,"word",8238,8242,"NN","phone"
1356,"word",8244,8250,"NN","heating"
1358,"word",8254,8257,"NN","play"
1359,"word",8259,8263,"NNS","games"
1360,"word",8265,8269,"VBP","phone"
1361,"word",8271,8273,"VB","get"
1362,"word",8275,8278,"VB","hang"
1363,"word",8280,8284,"VBG","using"
1364,"word",8286,8287,"JJ","cu"
1365,"word",8289,8295,"NN","browser"
1366,"word",8297,8299,"NN","pap"
1367,"word",8301,8304,"JJ","long"
1368,"word",8306,8309,"NN","time"
1369,"word",8311,8315,"JJS","worst"
1370,"word",8317,8321,"VBG","vying"
1371,"word",8323,8327,"NN","phone"
1372,"word",8329,8335,"NN","battery"
1373,"word",8337,8342,"NN","backup"
1374,"word",8344,8350,"NN","battery"
1375,"word",8352,8360,"NN","afternoon"
1376,"word",8362,8365,"NN","heat"
1377,"word",8367,8371,"VBG","using"
1378,"word",8373,8380,"NNP","INTERNET"
1379,"word",8382,8385,"JJ","late"
1380,"word",8387,8394,"VBG","charging"
1381,"word",8396,8399,"NN","hour"
1383,"word",8409,8414,"NN","update"
1384,"word",8416,8424,"JJ","available"
1385,"word",8426,8433,"NN","customer"
1386,"word",8435,8438,"NN","care"
1387,"word",8440,8443,"JJ","good"
1388,"word",8445,8452,"NN","feedback"
1390,"word",8456,8464,"VBN","purchased"
1391,"word",8466,8469,"NN","shop"
1392,"word",8471,8474,"VBP","have"
1393,"word",8476,8480,"VBG","using"
1395,"word",8488,8491,"JJ","last"
1396,"word",8493,8496,"NNS","days"
1398,"word",8503,8506,"JJ","good"
1399,"word",8508,8513,"JJ","mobile"
1400,"word",8515,8518,"NN","inch"
1401,"word",8520,8523,"NN","duel"
1402,"word",8525,8528,"VBP","seem"
1404,"word",8535,8536,"VBN","hf"
1405,"word",8538,8542,"NN","price"
1406,"word",8544,8549,"JJR","higher"
1407,"word",8551,8554,"NN","side"
1408,"word",8556,8556,"NN","k"
1409,"word",8558,8564,"NN","battery"
1410,"word",8566,8568,"NN","ham"
1411,"word",8570,8580,"VBG","discharging"
1412,"word",8582,8585,"JJ","slow"
1413,"word",8587,8591,"NN","issue"
1415,"word",8596,8603,"VBG","planning"
1418,"word",8614,8617,"NN","side"
1419,"word",8619,8623,"JJ","first"
1421,"word",8627,8629,"NN","buy"
1422,"word",8631,8635,"NN","phone"
1423,"word",8637,8641,"JJ","local"
1424,"word",8643,8648,"NN","seller"
1426,"word",8652,8658,"VBG","scaring"
1427,"word",8660,8665,"VBG","buying"
1428,"word",8667,8671,"NN","phone"
1430,"word",8679,8683,"VBN","heard"
1431,"word",8685,8691,"NN","company"
1433,"word",8697,8702,"VBG","buying"
1434,"word",8704,8704,"NN","i"
1435,"word",8706,8714,"VBD","impressed"
1436,"word",8716,8720,"NN","phone"
1438,"word",8725,8732,"VBD","advanced"
1439,"word",8734,8741,"NNS","features"
1441,"word",8746,8751,"RBR","better"
1443,"word",8760,8766,"JJ","awesome"
1444,"word",8768,8772,"NN","phone"
1445,"word",8774,8777,"VBD","went"
1446,"word",8779,8784,"NN","market"
1447,"word",8786,8788,"NN","buy"
1448,"word",8790,8792,"NN","ass"
1449,"word",8794,8797,"NNP","Zeno"
1450,"word",8799,8801,"NN","max"
1451,"word",8803,8805,"VBD","saw"
1452,"word",8807,8810,"JJ","vivo"
1453,"word",8812,8812,"NN","v"
1454,"word",8814,8819,"JJ","mobile"
1455,"word",8821,8829,"JJ","impressed"
1456,"word",8831,8838,"NNS","features"
1457,"word",8840,8845,"NN","camera"
1458,"word",8847,8849,"JJ","ram"
1459,"word",8851,8860,"NN","everything"
1460,"word",8862,8864,"VB","buy"
1461,"word",8866,8872,"JJ","amazing"
1462,"word",8874,8879,"JJ","mobile"
1463,"word",8881,8884,"JJS","best"
1464,"word",8886,8890,"NN","phone"
1466,"word",8897,8900,"VBN","used"
1467,"word",8902,8907,"NN","finger"
1468,"word",8909,8913,"NN","print"
1469,"word",8915,8920,"NN","unlock"
1470,"word",8922,8928,"JJ","awesome"
1471,"word",8930,8934,"NN","speed"
1472,"word",8936,8942,"JJ","awesome"
1473,"word",8944,8949,"NN","screen"
1474,"word",8951,8954,"NN","size"
1475,"word",8956,8962,"JJ","perfect"
1476,"word",8964,8965,"NN","mi"
1477,"word",8967,8972,"VBD","bought"
1478,"word",8974,8978,"JJ","local"
1479,"word",8980,8983,"NN","shop"
1480,"word",8985,8986,"NN","mi"
1481,"word",8988,8993,"JJ","superb"
1482,"word",8995,8999,"NN","phone"
1483,"word",9001,9004,"JJ","nice"
1484,"word",9006,9010,"NN","phone"
1486,"word",9018,9024,"NN","purpose"
1487,"word",9026,9032,"NN","battery"
1488,"word",9034,9036,"NN","ham"
1490,"word",9045,9051,"JJ","quality"
1491,"word",9053,9057,"NN","phone"
1492,"word",9059,9065,"JJ","average"
1493,"word",9067,9080,"NNS","specifications"
1494,"word",9082,9087,"VBN","priced"
1495,"word",9089,9094,"RBR","better"
1496,"word",9096,9097,"VB","go"
1497,"word",9099,9104,"NNP","Ximian"
1498,"word",9106,9108,"JJ","red"
1499,"word",9110,9111,"NNS","mi"
1500,"word",9113,9116,"VBP","note"
1504,"word",9130,9137,"VB","purchase"
1506,"word",9142,9145,"NN","line"
1508,"word",9150,9154,"NN","gotta"
1509,"word",9156,9158,"VBP","say"
1510,"word",9160,9164,"NN","phone"
1511,"word",9166,9172,"JJ","amazing"
1513,"word",9183,9188,"NN","notice"
1514,"word",9190,9194,"JJ","minor"
1515,"word",9196,9199,"NNS","lags"
1517,"word",9204,9207,"JJ","okay"
1518,"word",9209,9211,"VB","get"
1519,"word",9213,9215,"VB","bat"
1521,"word",9221,9226,"NN","screen"
1522,"word",9228,9231,"NN","time"
1523,"word",9233,9239,"NN","battery"
1524,"word",9241,9249,"JJ","excellent"
1526,"word",9254,9257,"JJ","good"
1527,"word",9259,9265,"JJ","overall"
1528,"word",9267,9267,"NN","u"
1529,"word",9269,9269,"NN","r"
1530,"word",9271,9277,"VBG","looking"
1531,"word",9279,9284,"NN","budget"
1532,"word",9286,9293,"VBN","oriented"
1533,"word",9295,9299,"NN","phone"
1534,"word",9301,9301,"NNS","u"
1535,"word",9303,9305,"VBP","buy"
1536,"word",9308,9313,"NN","beware"
1537,"word",9315,9321,"NNPS","Indians"
1538,"word",9323,9327,"VBP","phone"
1539,"word",9329,9333,"NN","china"
1540,"word",9335,9342,"NNS","destroys"
1542,"word",9349,9355,"JJ","Chinese"
1543,"word",9357,9364,"NNS","products"
1545,"word",9369,9370,"NNP","JV"
1546,"word",9372,9378,"VBD","ordered"
1548,"word",9385,9385,"NN","v"
1550,"word",9392,9394,"VBD","got"
1551,"word",9396,9402,"NN","product"
1553,"word",9408,9410,"NN","box"
1554,"word",9412,9416,"JJ","empty"
1556,"word",9421,9423,"NN","god"
1558,"word",9428,9434,"VBG","lagging"
1559,"word",9436,9439,"JJ","fast"
1560,"word",9441,9444,"NN","rear"
1561,"word",9446,9451,"NN","camera"
1562,"word",9453,9459,"JJ","quality"
1563,"word",9461,9469,"JJ","excellent"
1564,"word",9471,9475,"JJ","front"
1565,"word",9477,9482,"NN","camera"
1566,"word",9484,9485,"JJ","OK"
1567,"word",9487,9492,"NN","finger"
1568,"word",9494,9498,"NN","print"
1569,"word",9500,9505,"NN","sensor"
1571,"word",9511,9514,"JJS","best"
1572,"word",9516,9522,"NN","feature"
1573,"word",9524,9530,"VBG","working"
1574,"word",9532,9535,"JJ","good"
1575,"word",9537,9539,"NN","fun"
1576,"word",9541,9545,"NN","touch"
1578,"word",9550,9555,"NN","option"
1579,"word",9557,9565,"JJ","excellent"
1580,"word",9567,9573,"NN","battery"
1581,"word",9575,9580,"NN","backup"
1582,"word",9582,9585,"JJ","good"
1583,"word",9587,9595,"VBP","recommend"
1584,"word",9597,9604,"NN","everyone"
1586,"word",9617,9621,"VBZ","loves"
1587,"word",9623,9628,"NN","camera"
1588,"word",9630,9633,"JJ","vivo"
1590,"word",9637,9640,"JJ","good"
1591,"word",9642,9646,"NN","phone"
1592,"word",9648,9651,"JJS","best"
1593,"word",9653,9657,"NN","price"
1594,"word",9659,9661,"VB","get"
1595,"word",9663,9667,"JJ","local"
1596,"word",9669,9673,"NN","store"
1598,"word",9679,9684,"NN","camera"
1599,"word",9686,9692,"JJ","quality"
1600,"word",9694,9697,"JJ","good"
1601,"word",9699,9710,"NN","telegramming"
1602,"word",9712,9717,"NN","backup"
1604,"word",9726,9730,"NN","phone"
1606,"word",9736,9739,"VBP","seem"
1607,"word",9741,9742,"NNP","SD"
1608,"word",9744,9747,"NN","card"
1609,"word",9749,9755,"VBG","working"
1610,"word",9757,9760,"NN","time"
1611,"word",9763,9766,"VB","fall"
1612,"word",9768,9771,"VB","love"
1613,"word",9773,9777,"NN","phone"
1614,"word",9779,9784,"JJ","smooth"
1615,"word",9786,9789,"JJ","good"
1616,"word",9791,9798,"JJ","reliable"
1619,"word",9809,9812,"NN","word"
1620,"word",9814,9820,"JJ","amazing"
1621,"word",9822,9826,"NNS","folks"
1622,"word",9828,9833,"VBD","bought"
1623,"word",9835,9839,"NN","phone"
1625,"word",9845,9848,"NN","line"
1626,"word",9850,9854,"JJ","great"
1627,"word",9856,9859,"NN","fear"
1628,"word",9861,9866,"VBN","scared"
1629,"word",9868,9874,"JJ","Chinese"
1630,"word",9876,9881,"NNS","phones"
1634,"word",9897,9903,"JJ","amazing"
1635,"word",9905,9909,"NN","phone"
1636,"word",9911,9917,"NN","company"
1638,"word",9922,9924,"NN","lag"
1640,"word",9937,9943,"NN","battery"
1641,"word",9945,9947,"NN","day"
1642,"word",9949,9954,"JJ","superb"
1643,"word",9956,9961,"NN","camera"
1644,"word",9963,9966,"JJ","pica"
1645,"word",9968,9974,"NN","crystal"
1646,"word",9976,9980,"JJ","clear"
1647,"word",9982,9990,"JJ","melodious"
1648,"word",9992,9996,"NN","music"
1649,"word",9998,10004,"JJ","amazing"
1650,"word",10006,10011,"NN","screen"
1651,"word",10013,10017,"NN","touch"
1652,"word",10019,10020,"NN","no"
1653,"word",10022,10028,"NN","heating"
1654,"word",10030,10037,"NN","anything"
1656,"word",10042,10046,"NN","price"
1657,"word",10048,10053,"NN","wonder"
1658,"word",10055,10059,"NN","phone"
1659,"word",10061,10063,"VBP","buy"
1661,"word",10074,10082,"VBN","purchased"
1662,"word",10084,10088,"NN","phone"
1664,"word",10094,10098,"NN","month"
1666,"word",10104,10109,"NN","retail"
1667,"word",10111,10114,"NN","shop"
1668,"word",10116,10120,"NN","spice"
1669,"word",10122,10124,"JJ","hot"
1670,"word",10126,10132,"VBG","looking"
1671,"word",10134,10137,"JJ","good"
1672,"word",10139,10143,"NN","phone"
1673,"word",10145,10149,"NN","parka"
1674,"word",10151,10155,"NN","china"
1675,"word",10157,10157,"VBZ","s"
1676,"word",10159,10164,"NN","camera"
1677,"word",10166,10172,"NN","clarity"
1679,"word",10179,10182,"JJ","mega"
1680,"word",10184,10188,"NN","pixel"
1681,"word",10190,10192,"NN","one"
1682,"word",10194,10198,"VBZ","wants"
1683,"word",10200,10202,"VB","buy"
1684,"word",10204,10208,"NN","phone"
1686,"word",10214,10216,"VB","buy"
1687,"word",10218,10221,"NNS","days"
1690,"word",10239,10244,"VBG","crying"
1691,"word",10246,10249,"VBN","lost"
1692,"word",10251,10255,"NN","money"
1694,"word",10260,10264,"NN","phone"
1695,"word",10266,10269,"JJ","nice"
1696,"word",10271,10275,"NN","phone"
1697,"word",10277,10281,"NN","phone"
1698,"word",10283,10286,"JJ","good"
1699,"word",10288,10296,"JJ","excellent"
1700,"word",10298,10304,"NN","display"
1701,"word",10306,10310,"NN","touch"
1703,"word",10315,10320,"NNS","issues"
1705,"word",10326,10333,"JJ","adorable"
1706,"word",10335,10342,"NNS","fictions"
1707,"word",10344,10351,"NNS","features"
1708,"word",10353,10355,"NN","lug"
1712,"word",10368,10372,"VBP","phone"
1714,"word",10379,10384,"JJ","Nicene"
1715,"word",10386,10390,"NN","phone"
1716,"word",10392,10395,"JJ","nice"
1717,"word",10397,10402,"JJ","mobile"
1718,"word",10404,10410,"JJ","amazing"
1719,"word",10412,10419,"NNS","features"
1721,"word",10426,10430,"JJ","smart"
1722,"word",10432,10436,"NN","phone"
1723,"word",10438,10441,"VBP","want"
1724,"word",10443,10448,"NNP","Harley"
1725,"word",10450,10457,"NNP","Davidson"
1726,"word",10459,10465,"NN","feature"
1727,"word",10467,10471,"NNP","Honda"
1728,"word",10473,10478,"JJ","active"
1729,"word",10480,10487,"JJ","ultimate"
1730,"word",10489,10494,"NNS","phones"
1731,"word",10496,10502,"NN","quality"
1732,"word",10504,10510,"NN","product"
1733,"word",10512,10516,"NN","value"
1734,"word",10518,10522,"NN","money"
1735,"word",10524,10527,"JJS","best"
1736,"word",10529,10533,"NN","range"
1737,"word",10535,10543,"JJ","excellent"
1739,"word",10548,10554,"JJ","awesome"
1740,"word",10556,10560,"NN","phone"
1742,"word",10564,10571,"NN","purchase"
1744,"word",10577,10584,"NN","retailer"
1745,"word",10586,10589,"JJ","good"
1746,"word",10591,10596,"NN","camera"
1747,"word",10598,10604,"JJ","quality"
1749,"word",10615,10621,"JJ","awesome"
1750,"word",10623,10624,"NN","no"
1751,"word",10626,10632,"VBG","lagging"
1753,"word",10637,10643,"NN","heating"
1754,"word",10645,10649,"NN","issue"
1755,"word",10651,10652,"NNP","ND"
1756,"word",10654,10664,"NN","fingerprint"
1757,"word",10666,10671,"NN","sensor"
1759,"word",10680,10685,"RBR","faster"
1760,"word",10687,10692,"JJR","faster"
1761,"word",10694,10700,"NN","battery"
1762,"word",10702,10707,"NN","backup"
1763,"word",10709,10712,"JJ","good"
1766,"word",10725,10731,"JJ","awesome"
1767,"word",10733,10737,"NN","price"
1768,"word",10740,10746,"NN","battery"
1769,"word",10748,10753,"NN","backup"
1770,"word",10755,10757,"JJ","bad"
1772,"word",10763,10771,"JJ","beautiful"
1773,"word",10773,10778,"NN","device"
1774,"word",10780,10782,"NN","use"
1775,"word",10784,10788,"VBP","phone"
1776,"word",10790,10793,"JJ","good"
1778,"word",10800,10809,"NN","everything"
1780,"word",10816,10823,"VBG","charging"
1781,"word",10825,10828,"NN","time"
1783,"word",10836,10839,"JJ","good"
1784,"word",10841,10847,"NN","product"
1785,"word",10849,10855,"NN","segment"
1786,"word",10857,10860,"JJ","good"
1788,"word",10866,10870,"JJ","worth"
1789,"word",10872,10878,"JJ","awesome"
1790,"word",10880,10884,"JJ","smart"
1791,"word",10886,10890,"NN","phone"
1793,"word",10895,10897,"VBP","get"
1794,"word",10899,10903,"VBN","stuck"
1796,"word",10909,10913,"NN","phone"
1797,"word",10915,10919,"NN","speed"
1798,"word",10921,10926,"NN","finger"
1799,"word",10928,10932,"NN","print"
1800,"word",10934,10940,"VBG","working"
1804,"word",10954,10960,"VB","install"
1805,"word",10962,10966,"JJ","heavy"
1806,"word",10968,10972,"NNS","games"
1807,"word",10974,10979,"NN","camera"
1808,"word",10981,10981,"VBZ","s"
1809,"word",10983,10987,"JJ","super"
1810,"word",10989,10990,"NN","mp"
1811,"word",10992,10996,"JJ","front"
1812,"word",10998,11003,"NN","camera"
1813,"word",11005,11009,"JJ","super"
1814,"word",11011,11017,"NN","clarity"
1816,"word",11023,11029,"JJ","awesome"
1818,"word",11034,11038,"NN","doubt"
1819,"word",11040,11042,"VB","buy"
1820,"word",11044,11050,"NN","product"
1821,"word",11052,11058,"JJ","awesome"
1822,"word",11060,11066,"NN","product"
1823,"word",11068,11073,"JJ","mobile"
1824,"word",11075,11078,"JJ","good"
1825,"word",11080,11087,"NN","charging"
1826,"word",11089,11091,"NN","avg"
1829,"word",11100,11103,"JJ","good"
1830,"word",11105,11109,"JJ","smart"
1831,"word",11111,11115,"NN","phone"
1834,"word",11127,11132,"VBN","bought"
1835,"word",11134,11140,"NN","problem"
1836,"word",11142,11148,"NN","battery"
1837,"word",11150,11152,"NN","ham"
1838,"word",11154,11159,"VBZ","drains"
1839,"word",11161,11164,"JJ","fast"
1840,"word",11166,11172,"NN","support"
1841,"word",11174,11179,"JJ","direct"
1842,"word",11181,11185,"NN","video"
1843,"word",11187,11190,"NN","call"
1845,"word",11197,11202,"NNP","Hamsun"
1846,"word",11204,11204,"VBG","g"
1847,"word",11206,11208,"VB","fly"
1848,"word",11210,11216,"NNS","mobiles"
1849,"word",11218,11228,"NN","fingerprint"
1850,"word",11230,11235,"NN","sensor"
1851,"word",11237,11241,"VBZ","works"
1853,"word",11248,11250,"NN","leg"
1854,"word",11252,11256,"VBZ","works"
1856,"word",11263,11267,"VBP","thank"
1858,"word",11274,11277,"VB","flip"
1859,"word",11279,11282,"NN","kart"
1860,"word",11284,11289,"NN","feater"
1861,"word",11291,11294,"JJ","good"
1863,"word",11300,11305,"JJ","mobile"
1864,"word",11307,11313,"NN","heating"
1865,"word",11315,11318,"NNS","pros"
1867,"word",11323,11328,"JJ","hybrid"
1868,"word",11330,11333,"NN","slot"
1869,"word",11335,11338,"JJ","good"
1870,"word",11340,11350,"NN","performance"
1871,"word",11352,11355,"JJ","slim"
1872,"word",11357,11361,"NN","light"
1873,"word",11363,11369,"NN","factory"
1874,"word",11371,11375,"VBD","fixed"
1875,"word",11377,11381,"NN","glass"
1876,"word",11383,11387,"NN","guard"
1878,"word",11394,11397,"NN","case"
1879,"word",11399,11404,"JJR","louder"
1880,"word",11406,11411,"NNS","sounds"
1881,"word",11413,11419,"NN","battery"
1882,"word",11421,11425,"VBZ","comes"
1883,"word",11427,11429,"NN","day"
1889,"word",11458,11460,"NN","ham"
1890,"word",11462,11465,"NNS","cons"
1892,"word",11472,11476,"JJ","white"
1893,"word",11478,11482,"NN","color"
1894,"word",11484,11492,"JJ","available"
1895,"word",11494,11497,"NN","gold"
1897,"word",11504,11508,"VBP","cover"
1899,"word",11516,11521,"JJ","little"
1900,"word",11523,11527,"VBG","using"
1901,"word",11529,11536,"NN","INTERNET"
1903,"word",11544,11549,"NN","option"
1904,"word",11551,11555,"NN","owner"
1905,"word",11557,11560,"VB","info"
1907,"word",11565,11575,"NN","readability"
1908,"word",11577,11580,"NN","view"
1909,"word",11582,11587,"NN","option"
1910,"word",11589,11596,"NN","INTERNET"
1911,"word",11598,11608,"NN","receptivity"
1912,"word",11610,11612,"JJ","low"
1913,"word",11614,11618,"NN","phone"
1914,"word",11620,11623,"VBP","seem"
1915,"word",11625,11628,"JJ","high"
1916,"word",11630,11637,"NN","INTERNET"
1917,"word",11639,11643,"NN","speed"
1918,"word",11645,11648,"JJ","good"
1919,"word",11650,11654,"NN","phone"
1920,"word",11656,11658,"NN","one"
1923,"word",11675,11680,"VB","invest"
1925,"word",11688,11694,"NNS","options"
1926,"word",11696,11704,"JJ","available"
1927,"word",11706,11710,"NN","range"
1929,"word",11715,11718,"NNS","wans"
1930,"word",11720,11729,"VBP","experience"
1932,"word",11739,11743,"VBN","based"
1933,"word",11745,11746,"VBZ","is"
1935,"word",11752,11753,"VB","go"
1937,"word",11759,11763,"VBZ","stars"
1938,"word",11765,11768,"NN","side"
1941,"word",11780,11785,"JJ","mobile"
1942,"word",11787,11791,"NN","phone"
1943,"word",11793,11799,"NN","heating"
1945,"word",11805,11807,"NN","hag"
1946,"word",11809,11815,"NN","battery"
1947,"word",11817,11822,"NN","backup"
1948,"word",11824,11827,"JJ","good"
1949,"word",11829,11833,"JJ","front"
1950,"word",11835,11840,"NN","camera"
1951,"word",11842,11845,"JJ","good"
1952,"word",11847,11848,"JJ","pl"
1953,"word",11850,11852,"NN","buy"
1954,"word",11854,11859,"JJ","mobile"
1955,"word",11861,11865,"NN","phone"
1956,"word",11867,11873,"NN","battery"
1958,"word",11880,11883,"JJ","good"
1960,"word",11895,11900,"RBR","faster"
1962,"word",11907,11912,"JJ","mobile"
1964,"word",11918,11922,"NN","video"
1965,"word",11924,11930,"VBG","calling"
1966,"word",11932,11938,"NN","feature"
1967,"word",11940,11944,"JJ","front"
1968,"word",11946,11951,"NN","camera"
1969,"word",11953,11954,"JJ","OK"
1970,"word",11956,11961,"JJR","better"
1973,"word",11971,11973,"JJ","key"
1974,"word",11975,11981,"NN","battery"
1975,"word",11983,11986,"NN","pack"
1977,"word",11991,11994,"JJ","poor"
1978,"word",11996,11998,"NN","hie"
1979,"word",12000,12002,"NN","air"
1980,"word",12004,12011,"NN","INTERNET"
1981,"word",12013,12017,"NN","slate"
1982,"word",12019,12022,"NN","time"
1983,"word",12024,12027,"NN","gram"
1986,"word",12037,12039,"VB","hie"
1988,"word",12045,12049,"JJ","front"
1989,"word",12051,12056,"NN","camera"
1990,"word",12058,12060,"NN","rat"
1991,"word",12062,12064,"NNP","Mai"
1992,"word",12066,12069,"JJ","poor"
1993,"word",12071,12073,"NN","hie"
1994,"word",12075,12079,"NNP","Kathi"
1995,"word",12081,12085,"NNP","Kathi"
1996,"word",12087,12089,"VBP","don"
1997,"word",12091,12096,"NN","camera"
1998,"word",12098,12105,"NN","response"
1999,"word",12107,12110,"NN","dean"
2000,"word",12112,12115,"NN","band"
2002,"word",12122,12126,"VB","deter"
2003,"word",12128,12131,"NN","gain"
2004,"word",12133,12138,"NN","screen"
2005,"word",12140,12143,"JJ","full"
2006,"word",12145,12149,"JJ","black"
2007,"word",12151,12152,"NN","ho"
2008,"word",12154,12157,"NN","jato"
2009,"word",12159,12161,"NN","hie"
2011,"word",12165,12165,"NN","m"
2012,"word",12167,12171,"JJ","happy"
2013,"word",12173,12174,"VBP","do"
2015,"word",12179,12186,"VB","purchase"
2016,"word",12188,12191,"VBN","paid"
2017,"word",12193,12201,"NNS","materials"
2020,"word",12226,12232,"VB","deliver"
2021,"word",12234,12237,"NN","time"
2022,"word",12239,12248,"NN","everything"
2023,"word",12250,12253,"JJ","good"
2025,"word",12262,12268,"NN","battery"
2026,"word",12270,12280,"NN","performance"
2027,"word",12282,12283,"VBP","do"
2029,"word",12288,12290,"VB","buy"
2030,"word",12292,12296,"NN","phone"
2032,"word",12303,12309,"JJ","average"
2033,"word",12311,12314,"NN","user"
2034,"word",12316,12322,"NN","battery"
2035,"word",12324,12327,"VBZ","goes"
2036,"word",12329,12333,"NNS","hours"
2037,"word",12335,12341,"JJ","average"
2038,"word",12343,12345,"NN","use"
2040,"word",12351,12356,"VBP","charge"
2042,"word",12362,12366,"NNS","times"
2043,"word",12368,12370,"NN","day"
2044,"word",12372,12379,"JJ","horrible"
2045,"word",12381,12390,"NN","experience"
2047,"word",12397,12397,"NN","v"
2048,"word",12399,12404,"JJ","mobile"
2050,"word",12411,12416,"NN","camera"
2051,"word",12418,12421,"JJ","good"
2052,"word",12423,12429,"NN","heating"
2053,"word",12431,12435,"NN","issue"
2054,"word",12437,12441,"NN","waste"
2055,"word",12443,12447,"NN","money"
2056,"word",12449,12451,"NN","buy"
2060,"word",12466,12469,"JJ","poor"
2061,"word",12471,12477,"NN","battery"
2063,"word",12484,12488,"VBZ","hangs"
2064,"word",12490,12492,"NN","lot"
2066,"word",12499,12503,"VBZ","looks"
2067,"word",12505,12508,"JJ","good"
2068,"word",12510,12513,"NN","rest"
2069,"word",12515,12519,"NN","phone"
2070,"word",12521,12525,"NN","worth"
2071,"word",12527,12527,"VBP","k"
2072,"word",12529,12536,"NN","category"
2073,"word",12538,12542,"VBZ","takes"
2074,"word",12544,12547,"NN","time"
2075,"word",12549,12554,"NN","charge"
2077,"word",12561,12564,"JJ","blue"
2078,"word",12566,12569,"NN","dart"
2079,"word",12571,12574,"JJ","slow"
2080,"word",12576,12583,"NN","delivery"
2081,"word",12585,12588,"NN","side"
2082,"word",12590,12593,"NN","cant"
2083,"word",12595,12598,"VBP","give"
2084,"word",12600,12606,"NN","product"
2085,"word",12608,12615,"NN","delivery"
2086,"word",12617,12621,"NN","today"
2087,"word",12623,12628,"VBN","bought"
2088,"word",12630,12634,"NN","phone"
2090,"word",12640,12644,"NN","prise"
2091,"word",12646,12647,"NNP","GB"
2092,"word",12649,12654,"NN","memory"
2093,"word",12656,12659,"NN","card"
2094,"word",12661,12666,"NNP","Hamsun"
2096,"word",12673,12677,"VBP","cover"
2098,"word",12684,12687,"VBG","wans"
2099,"word",12689,12691,"VBP","say"
2100,"word",12693,12696,"VB","flip"
2101,"word",12698,12701,"NN","cart"
2102,"word",12703,12706,"NN","chit"
2103,"word",12708,12713,"NNS","people"
